t_mono,t_wall,n_procs,client_rss_mb,workers_rss_mb,tree_rss_mb,tree_cpu_pct,sys_used_mb,sys_available_mb,swap_used_mb,net_recv_mb,net_sent_mb,disk_read_mb,workers
111598.6548,1788877899.8443,2,23.88,12.75,36.62,0.0,14683.8,41358.4,2374.5,8127.004,3266.936,70622.740,3201800:13
111598.7641,1788877899.9537,2,23.88,12.75,36.62,0.0,14682.2,41360.0,2374.5,8127.005,3266.937,70622.740,3201800:13
111598.8783,1788877900.0678,2,23.88,12.75,36.62,0.0,14662.1,41380.1,2374.5,8127.461,3266.946,70622.740,3201800:13
111598.9920,1788877900.1816,2,47.25,12.75,60.00,527.3,14665.3,41376.9,2374.5,8127.487,3266.947,70622.740,3201800:13
111599.1149,1788877900.3044,2,62.24,12.75,74.99,547.1,14680.8,41361.4,2374.5,8127.736,3266.954,70622.740,3201800:13
111599.2244,1788877900.4139,2,83.14,12.75,95.89,108.7,14691.6,41350.6,2374.5,8127.760,3266.955,70622.740,3201800:13
111599.3343,1788877900.5239,2,106.36,12.75,119.11,97.9,14711.1,41331.2,2374.5,8128.644,3266.973,70622.740,3201800:13
111599.4467,1788877900.6363,2,112.57,12.75,125.32,90.5,14717.2,41325.0,2374.5,8128.645,3266.974,70622.740,3201800:13
111599.5572,1788877900.7468,2,148.70,12.75,161.45,100.3,14740.6,41301.6,2374.5,8128.849,3266.978,70622.740,3201800:13
111599.6675,1788877900.8571,2,154.35,12.75,167.10,45.1,14640.6,41401.6,2374.5,8128.851,3266.978,70622.803,3201800:13
111599.7778,1788877900.9674,6,193.98,76.75,270.73,36.5,14667.4,41374.8,2374.5,8129.074,3266.985,70622.803,3201800:13;3201833:16;3201834:16;3201835:16;3201836:16
111599.8878,1788877901.0773,6,193.98,152.53,346.51,394.2,14683.7,41358.6,2374.5,8129.152,3266.986,70622.803,3201800:13;3201833:35;3201834:35;3201835:35;3201836:35
111599.9993,1788877901.1888,6,193.98,212.06,406.04,1254.6,14687.8,41354.4,2374.5,8129.383,3266.990,70622.803,3201800:13;3201833:51;3201834:47;3201835:53;3201836:49
111600.1101,1788877901.2996,6,193.98,308.05,502.03,424.9,14719.6,41322.7,2374.5,8129.383,3266.990,70622.803,3201800:13;3201833:74;3201834:72;3201835:75;3201836:74
111600.2207,1788877901.4102,6,193.98,373.21,567.19,379.6,14779.4,41262.9,2374.5,8129.383,3266.990,70622.803,3201800:13;3201833:90;3201834:90;3201835:90;3201836:90
111600.3317,1788877901.5212,6,195.73,393.34,589.06,243.0,14781.5,41260.7,2374.5,8129.385,3266.990,70622.803,3201800:13;3201833:95;3201834:95;3201835:95;3201836:95
111600.4426,1788877901.6322,6,197.73,393.34,591.06,27.1,14782.3,41260.0,2374.5,8129.781,3266.999,70622.803,3201800:13;3201833:95;3201834:95;3201835:95;3201836:95
111600.5530,1788877901.7425,6,197.85,393.34,591.19,0.0,14782.5,41259.7,2374.5,8129.852,3267.001,70622.803,3201800:13;3201833:95;3201834:95;3201835:95;3201836:95
111600.6652,1788877901.8547,6,197.85,393.34,591.19,0.0,14783.5,41258.7,2374.5,8130.106,3267.007,70622.803,3201800:13;3201833:95;3201834:95;3201835:95;3201836:95
111600.7752,1788877901.9647,6,197.85,393.34,591.19,0.0,14783.5,41258.7,2374.5,8130.154,3267.007,70622.803,3201800:13;3201833:95;3201834:95;3201835:95;3201836:95
111600.8845,1788877902.0741,6,197.85,393.34,591.19,0.0,14782.9,41259.4,2374.5,8131.095,3267.026,70622.803,3201800:13;3201833:95;3201834:95;3201835:95;3201836:95
111600.9945,1788877902.1841,6,197.85,393.34,591.19,9.0,14782.9,41259.4,2374.5,8131.160,3267.028,70622.803,3201800:13;3201833:95;3201834:95;3201835:95;3201836:95
111601.1054,1788877902.2950,6,197.85,393.34,591.19,0.0,14782.9,41259.4,2374.5,8131.199,3267.031,70622.803,3201800:13;3201833:95;3201834:95;3201835:95;3201836:95
111601.2147,1788877902.4043,6,197.98,393.34,591.31,0.0,14782.9,41259.4,2374.5,8131.222,3267.032,70622.803,3201800:13;3201833:95;3201834:95;3201835:95;3201836:95
111601.3258,1788877902.5153,6,197.98,393.34,591.31,0.0,14782.9,41259.4,2374.5,8131.403,3267.039,70622.803,3201800:13;3201833:95;3201834:95;3201835:95;3201836:95
111601.4352,1788877902.6247,6,197.98,393.34,591.31,0.0,14782.9,41259.4,2374.5,8131.442,3267.039,70622.803,3201800:13;3201833:95;3201834:95;3201835:95;3201836:95
111601.5460,1788877902.7356,6,199.60,393.34,592.94,17.9,14784.6,41257.6,2374.5,8131.695,3267.045,70622.803,3201800:13;3201833:95;3201834:95;3201835:95;3201836:95
111601.6574,1788877902.8469,6,209.41,393.34,602.74,8.9,14798.3,41243.9,2374.5,8131.806,3267.051,70622.803,3201800:13;3201833:95;3201834:95;3201835:95;3201836:95
111601.7704,1788877902.9599,6,221.45,393.34,614.79,98.7,14814.1,41228.1,2374.5,8131.998,3267.055,70622.803,3201800:13;3201833:95;3201834:95;3201835:95;3201836:95
111601.8818,1788877903.0713,6,224.70,393.34,618.04,100.0,14806.1,41236.1,2374.5,8132.029,3267.055,70622.803,3201800:13;3201833:95;3201834:95;3201835:95;3201836:95
111601.9915,1788877903.1810,6,227.07,393.34,620.41,36.6,14813.5,41228.7,2374.5,8132.171,3267.059,70622.803,3201800:13;3201833:95;3201834:95;3201835:95;3201836:95
111602.1008,1788877903.2903,6,227.07,393.34,620.41,0.0,14813.5,41228.7,2374.5,8132.211,3267.061,70622.803,3201800:13;3201833:95;3201834:95;3201835:95;3201836:95
111602.2119,1788877903.4014,6,227.07,393.34,620.41,0.0,14813.8,41228.4,2374.5,8132.380,3267.065,70622.803,3201800:13;3201833:95;3201834:95;3201835:95;3201836:95
111602.3212,1788877903.5107,6,227.07,393.34,620.41,9.2,14814.0,41228.2,2374.5,8132.401,3267.067,70622.803,3201800:13;3201833:95;3201834:95;3201835:95;3201836:95
111602.4304,1788877903.6200,6,227.07,393.34,620.41,0.0,14813.7,41228.5,2374.5,8132.581,3267.070,70622.803,3201800:13;3201833:95;3201834:95;3201835:95;3201836:95
111602.5404,1788877903.7300,6,227.07,393.34,620.41,0.0,14813.7,41228.5,2374.5,8132.814,3267.074,70622.803,3201800:13;3201833:95;3201834:95;3201835:95;3201836:95
111602.6514,1788877903.8410,6,227.07,393.34,620.41,0.0,14801.0,41241.3,2374.5,8133.412,3267.090,70622.803,3201800:13;3201833:95;3201834:95;3201835:95;3201836:95
111602.7630,1788877903.9525,6,227.07,393.34,620.41,0.0,14801.0,41241.3,2374.5,8133.428,3267.091,70622.803,3201800:13;3201833:95;3201834:95;3201835:95;3201836:95
111602.8747,1788877904.0643,6,227.07,393.34,620.41,0.0,14782.6,41259.7,2374.5,8133.597,3267.096,70622.803,3201800:13;3201833:95;3201834:95;3201835:95;3201836:95
111602.9846,1788877904.1742,6,230.95,393.34,624.29,18.4,14789.0,41253.3,2374.5,8133.752,3267.098,70622.803,3201800:13;3201833:95;3201834:95;3201835:95;3201836:95
111603.0939,1788877904.2834,6,246.25,393.34,639.59,115.6,14814.1,41228.2,2374.5,8133.928,3267.104,70622.803,3201800:13;3201833:95;3201834:95;3201835:95;3201836:95
111603.2063,1788877904.3958,6,247.12,393.34,640.46,72.2,14814.1,41228.2,2374.5,8133.989,3267.106,70622.803,3201800:13;3201833:95;3201834:95;3201835:95;3201836:95
111603.3171,1788877904.5067,6,247.12,393.34,640.46,9.1,14814.0,41228.2,2374.5,8134.167,3267.109,70622.803,3201800:13;3201833:95;3201834:95;3201835:95;3201836:95
111603.4268,1788877904.6164,6,247.12,393.34,640.46,0.0,14813.8,41228.4,2374.5,8134.213,3267.109,70622.803,3201800:13;3201833:95;3201834:95;3201835:95;3201836:95
111603.5370,1788877904.7265,6,247.12,393.34,640.46,0.0,14814.3,41227.9,2374.5,8134.352,3267.112,70622.803,3201800:13;3201833:95;3201834:95;3201835:95;3201836:95
111603.6489,1788877904.8384,6,247.12,393.34,640.46,0.0,14814.3,41227.9,2374.5,8134.398,3267.112,70622.803,3201800:13;3201833:95;3201834:95;3201835:95;3201836:95
111603.7585,1788877904.9481,6,247.12,393.34,640.46,0.0,14810.2,41232.0,2374.5,8134.541,3267.115,70622.803,3201800:13;3201833:95;3201834:95;3201835:95;3201836:95
111603.8741,1788877905.0636,6,247.12,393.34,640.46,0.0,14797.7,41244.5,2374.5,8134.588,3267.116,70622.803,3201800:13;3201833:95;3201834:95;3201835:95;3201836:95
111603.9855,1788877905.1751,6,259.45,393.34,652.79,89.2,14784.6,41257.6,2374.5,8134.759,3267.119,70622.803,3201800:13;3201833:95;3201834:95;3201835:95;3201836:95
111604.0974,1788877905.2870,6,259.45,393.34,652.79,99.1,14784.6,41257.6,2374.5,8134.827,3267.121,70622.803,3201800:13;3201833:95;3201834:95;3201835:95;3201836:95
111604.2084,1788877905.3979,6,259.70,393.34,653.04,54.5,14784.5,41257.8,2374.5,8134.860,3267.126,70622.803,3201800:13;3201833:95;3201834:95;3201835:95;3201836:95
111604.3184,1788877905.5080,6,259.70,393.34,653.04,8.8,14796.3,41246.0,2374.5,8134.948,3267.131,70622.803,3201800:13;3201833:95;3201834:95;3201835:95;3201836:95
111604.4327,1788877905.6222,6,262.45,393.34,655.79,80.7,14796.3,41246.0,2374.5,8135.086,3267.138,70622.803,3201800:13;3201833:95;3201834:95;3201835:95;3201836:95
111604.5445,1788877905.7341,6,264.32,393.34,657.66,99.3,14796.5,41245.7,2374.5,8135.182,3267.141,70622.803,3201800:13;3201833:95;3201834:95;3201835:95;3201836:95
111604.6553,1788877905.8449,6,266.60,393.34,659.93,91.2,14796.0,41246.2,2374.5,8135.331,3267.144,70622.803,3201800:13;3201833:95;3201834:95;3201835:95;3201836:95
111604.7650,1788877905.9546,6,286.69,393.34,680.02,195.8,14818.3,41223.9,2374.5,8135.437,3267.146,70622.803,3201800:13;3201833:95;3201834:95;3201835:95;3201836:95
111604.8771,1788877906.0666,6,274.49,549.76,824.25,365.7,14824.0,41218.2,2374.5,8135.586,3267.149,70622.803,3201800:13;3201833:133;3201834:134;3201835:136;3201836:134
111604.9893,1788877906.1788,6,274.49,723.73,998.22,481.9,14922.4,41119.8,2374.5,8135.725,3267.180,70622.803,3201800:13;3201833:177;3201834:176;3201835:179;3201836:180
111605.1017,1788877906.2913,6,274.49,752.11,1026.60,233.0,14948.9,41093.3,2374.5,8135.855,3267.230,70622.803,3201800:13;3201833:185;3201834:182;3201835:185;3201836:188
111605.2128,1788877906.4024,6,274.49,752.11,1026.60,0.0,14949.1,41093.1,2374.5,8135.943,3267.233,70622.803,3201800:13;3201833:185;3201834:182;3201835:185;3201836:188
111605.3287,1788877906.5182,6,274.49,820.66,1095.14,399.8,15074.9,40967.3,2374.5,8136.163,3267.291,70622.803,3201800:13;3201833:201;3201834:199;3201835:202;3201836:206
111605.4480,1788877906.6376,6,274.49,806.91,1081.40,806.7,15100.1,40942.1,2374.5,8137.081,3267.323,70622.803,3201800:13;3201833:206;3201834:188;3201835:191;3201836:209
111605.5626,1788877906.7521,6,274.49,773.20,1047.69,26.8,15092.3,40949.9,2374.5,8137.273,3267.327,70622.826,3201800:13;3201833:189;3201834:188;3201835:191;3201836:192
111605.6743,1788877906.8638,6,274.49,773.45,1047.94,27.3,15092.3,40949.9,2374.5,8137.544,3267.343,70622.826,3201800:13;3201833:189;3201834:189;3201835:191;3201836:192
111605.7842,1788877906.9737,6,274.49,830.82,1105.31,189.6,15100.9,40941.3,2374.5,8137.740,3267.352,70622.826,3201800:13;3201833:189;3201834:215;3201835:191;3201836:223
111605.8947,1788877907.0843,6,274.49,870.20,1144.69,81.6,15102.6,40939.7,2374.5,8137.823,3267.431,70622.826,3201800:13;3201833:209;3201834:216;3201835:208;3201836:224
111606.0053,1788877907.1948,6,274.49,870.32,1144.81,0.0,15102.6,40939.7,2374.5,8137.914,3267.433,70622.826,3201800:13;3201833:209;3201834:216;3201835:208;3201836:224
111606.1176,1788877907.3072,6,274.49,870.95,1145.44,43.5,15102.8,40939.4,2374.5,8138.451,3267.485,70622.826,3201800:13;3201833:209;3201834:216;3201835:208;3201836:224
111606.2325,1788877907.4220,6,274.49,870.95,1145.44,45.5,15102.8,40939.4,2374.5,8138.773,3267.503,70622.826,3201800:13;3201833:209;3201834:216;3201835:208;3201836:224
111606.3425,1788877907.5320,6,274.49,872.95,1147.44,27.3,15102.8,40939.4,2374.5,8139.768,3267.538,70622.826,3201800:13;3201833:210;3201834:217;3201835:209;3201836:225
111606.4521,1788877907.6416,6,274.49,873.45,1147.94,0.0,15101.7,40940.5,2374.5,8140.019,3267.544,70622.826,3201800:13;3201833:210;3201834:217;3201835:209;3201836:225
111606.5656,1788877907.7551,6,274.49,878.46,1152.95,63.3,15110.8,40931.4,2374.5,8140.816,3267.580,70622.826,3201800:13;3201833:210;3201834:219;3201835:209;3201836:227
111606.6766,1788877907.8661,6,274.49,880.99,1155.48,17.8,15111.1,40931.2,2374.5,8140.981,3267.587,70622.826,3201800:13;3201833:210;3201834:221;3201835:209;3201836:227
111606.7887,1788877907.9782,6,274.49,903.93,1178.42,189.0,15125.4,40916.8,2374.5,8141.871,3267.632,70622.826,3201800:13;3201833:213;3201834:234;3201835:209;3201836:236
111606.8996,1788877908.0892,6,274.49,903.90,1178.39,18.2,15120.9,40921.3,2374.5,8142.096,3267.640,70622.826,3201800:13;3201833:215;3201834:231;3201835:209;3201836:236
111607.0096,1788877908.1992,6,274.49,909.12,1183.61,35.7,15117.8,40924.4,2374.5,8143.354,3267.680,70622.826,3201800:13;3201833:215;3201834:232;3201835:209;3201836:240
111607.1224,1788877908.3120,6,274.49,909.37,1183.86,8.7,15117.8,40924.4,2374.5,8143.517,3267.687,70622.826,3201800:13;3201833:215;3201834:232;3201835:210;3201836:240
111607.2368,1788877908.4264,6,274.49,919.46,1193.95,72.5,15120.2,40922.0,2374.5,8144.700,3267.719,70622.826,3201800:13;3201833:215;3201834:235;3201835:210;3201836:247
111607.3471,1788877908.5366,6,274.49,918.33,1192.82,63.2,15129.0,40913.2,2374.5,8144.797,3267.730,70622.826,3201800:13;3201833:216;3201834:235;3201835:210;3201836:245
111607.4584,1788877908.6479,6,274.49,926.21,1200.70,36.1,15134.4,40907.8,2374.5,8146.114,3267.769,70622.826,3201800:13;3201833:216;3201834:235;3201835:210;3201836:252
111607.5692,1788877908.7587,6,274.49,925.93,1200.41,35.6,15132.2,40910.0,2374.5,8146.205,3267.774,70622.826,3201800:13;3201833:216;3201834:236;3201835:210;3201836:252
111607.6812,1788877908.8708,6,274.49,926.85,1201.34,36.4,15137.0,40905.3,2374.5,8147.396,3267.800,70622.826,3201800:13;3201833:216;3201834:237;3201835:210;3201836:252
111607.7911,1788877908.9806,6,274.49,926.85,1201.34,0.0,15137.2,40905.0,2374.5,8147.453,3267.803,70622.826,3201800:13;3201833:216;3201834:237;3201835:210;3201836:252
111607.9034,1788877909.0929,6,274.49,931.14,1205.63,44.0,15130.5,40911.8,2374.5,8148.541,3267.831,70622.826,3201800:13;3201833:216;3201834:237;3201835:212;3201836:254
111608.0166,1788877909.2061,6,274.49,931.14,1205.63,0.0,15129.5,40912.8,2374.5,8148.541,3267.831,70622.826,3201800:13;3201833:216;3201834:237;3201835:212;3201836:254
111608.1275,1788877909.3171,6,274.49,935.68,1210.16,71.3,15135.8,40906.4,2374.5,8149.772,3267.863,70622.826,3201800:13;3201833:216;3201834:237;3201835:213;3201836:256
111608.2398,1788877909.4293,6,274.49,935.68,1210.16,0.0,15135.8,40906.4,2374.5,8149.772,3267.863,70622.826,3201800:13;3201833:216;3201834:237;3201835:213;3201836:256
111608.3528,1788877909.5424,6,274.49,941.00,1215.49,53.4,15135.8,40906.4,2374.5,8150.985,3267.897,70622.826,3201800:13;3201833:218;3201834:238;3201835:214;3201836:259
111608.4652,1788877909.6548,6,274.49,941.12,1215.61,0.0,15136.4,40905.9,2374.5,8151.180,3267.900,70622.826,3201800:13;3201833:218;3201834:238;3201835:214;3201836:259
111608.5773,1788877909.7668,6,274.49,950.54,1225.02,54.5,15141.8,40900.4,2374.5,8152.275,3267.938,70622.826,3201800:13;3201833:219;3201834:239;3201835:215;3201836:265
111608.6875,1788877909.8770,6,274.49,946.28,1220.77,0.0,15142.6,40899.6,2374.5,8152.423,3267.946,70622.826,3201800:13;3201833:219;3201834:239;3201835:215;3201836:261
111608.7983,1788877909.9878,6,274.49,961.56,1236.05,145.0,15145.6,40896.6,2374.5,8153.353,3267.969,70622.826,3201800:13;3201833:225;3201834:243;3201835:219;3201836:262
111608.9086,1788877910.0981,6,274.49,987.58,1262.07,127.0,15151.3,40890.9,2374.5,8153.516,3268.033,70622.826,3201800:13;3201833:234;3201834:245;3201835:224;3201836:271
111609.0265,1788877910.2160,6,274.49,989.90,1264.39,107.6,15154.8,40887.4,2374.5,8154.379,3268.079,70622.826,3201800:13;3201833:235;3201834:249;3201835:226;3201836:267
111609.1383,1788877910.3279,6,274.49,995.71,1270.20,9.1,15155.1,40887.2,2374.5,8154.599,3268.089,70622.826,3201800:13;3201833:235;3201834:250;3201835:226;3201836:271
111609.2479,1788877910.4374,6,274.49,1001.97,1276.46,80.9,15155.1,40887.2,2374.5,8155.725,3268.158,70622.826,3201800:13;3201833:242;3201834:251;3201835:226;3201836:270
111609.3595,1788877910.5490,6,274.49,1005.79,1280.27,27.0,15155.1,40887.2,2374.5,8156.030,3268.181,70622.826,3201800:13;3201833:242;3201834:251;3201835:230;3201836:270
111609.4706,1788877910.6602,6,274.49,1026.30,1300.79,156.3,15167.6,40874.6,2374.5,8157.035,3268.261,70622.826,3201800:13;3201833:243;3201834:256;3201835:242;3201836:273
111609.5859,1788877910.7754,6,274.49,1029.72,1304.21,35.7,15168.1,40874.1,2374.5,8157.414,3268.273,70622.826,3201800:13;3201833:243;3201834:256;3201835:242;3201836:276
111609.6978,1788877910.8873,6,274.49,1032.79,1307.28,53.8,15177.0,40865.2,2374.5,8158.386,3268.330,70622.826,3201800:13;3201833:243;3201834:256;3201835:242;3201836:279
111609.8093,1788877910.9989,6,274.49,1039.95,1314.44,44.1,15175.0,40867.2,2374.5,8159.059,3268.364,70622.826,3201800:13;3201833:243;3201834:262;3201835:243;3201836:279
111609.9225,1788877911.1120,6,274.49,1044.99,1319.48,97.3,15180.1,40862.2,2374.5,8159.960,3268.407,70622.826,3201800:13;3201833:244;3201834:263;3201835:246;3201836:279
111610.0357,1788877911.2252,6,274.49,1052.00,1326.49,45.0,15185.9,40856.3,2374.5,8160.473,3268.430,70622.826,3201800:13;3201833:246;3201834:263;3201835:251;3201836:279
111610.1464,1788877911.3360,6,274.49,1054.30,1328.79,18.4,15187.8,40854.5,2374.5,8161.340,3268.468,70622.826,3201800:13;3201833:246;3201834:263;3201835:252;3201836:281
111610.2556,1788877911.4451,6,274.49,1061.59,1336.08,82.0,15195.6,40846.6,2374.5,8161.714,3268.494,70622.826,3201800:13;3201833:248;3201834:262;3201835:256;3201836:283
111610.3657,1788877911.5552,6,274.49,1063.24,1337.73,62.4,15205.5,40836.7,2374.5,8162.680,3268.525,70622.826,3201800:13;3201833:249;3201834:262;3201835:257;3201836:283
111610.4776,1788877911.6671,6,274.49,1074.53,1349.02,81.0,15211.8,40830.5,2374.5,8163.177,3268.555,70622.826,3201800:13;3201833:250;3201834:267;3201835:260;3201836:283
111610.5887,1788877911.7782,6,274.49,1094.50,1368.99,137.7,15233.2,40809.0,2374.5,8163.976,3268.600,70622.826,3201800:13;3201833:260;3201834:271;3201835:264;3201836:288
111610.6975,1788877911.8870,6,274.49,1102.52,1377.01,63.7,15238.6,40803.6,2374.5,8164.473,3268.627,70622.826,3201800:13;3201833:260;3201834:273;3201835:264;3201836:293
111610.8078,1788877911.9973,6,274.49,1112.82,1387.31,62.8,15244.4,40797.8,2374.5,8165.330,3268.669,70622.826,3201800:13;3201833:262;3201834:279;3201835:264;3201836:295
111610.9191,1788877912.1086,6,274.49,1119.86,1394.34,91.0,15244.0,40798.2,2374.5,8165.882,3268.690,70622.826,3201800:13;3201833:263;3201834:282;3201835:264;3201836:299
111611.0295,1788877912.2191,6,274.49,1123.46,1397.95,27.3,15246.4,40795.8,2374.5,8166.748,3268.724,70622.826,3201800:13;3201833:263;3201834:282;3201835:264;3201836:301
111611.1387,1788877912.3282,6,274.49,1127.91,1402.40,26.2,15253.0,40789.2,2374.5,8167.280,3268.750,70622.826,3201800:13;3201833:263;3201834:283;3201835:264;3201836:305
111611.2537,1788877912.4432,6,274.49,1139.02,1413.51,124.6,15264.0,40778.2,2374.5,8168.064,3268.790,70622.826,3201800:13;3201833:264;3201834:288;3201835:264;3201836:311
111611.3657,1788877912.5552,6,274.49,1141.76,1416.25,62.8,15272.4,40769.8,2374.5,8168.709,3268.822,70622.826,3201800:13;3201833:266;3201834:288;3201835:264;3201836:311
111611.4771,1788877912.6667,6,274.49,1142.20,1416.69,9.2,15271.7,40770.5,2374.5,8169.401,3268.851,70622.826,3201800:13;3201833:266;3201834:289;3201835:264;3201836:311
111611.5865,1788877912.7760,6,274.49,1147.36,1421.84,35.6,15273.4,40768.8,2374.5,8169.867,3268.882,70622.826,3201800:13;3201833:266;3201834:291;3201835:264;3201836:314
111611.6986,1788877912.8882,6,274.49,1148.26,1422.75,98.2,15274.9,40767.3,2374.5,8170.374,3268.898,70622.826,3201800:13;3201833:266;3201834:291;3201835:265;3201836:313
111611.8107,1788877913.0003,6,274.49,1156.88,1431.37,54.4,15268.0,40774.2,2374.5,8170.998,3268.938,70622.826,3201800:13;3201833:269;3201834:291;3201835:268;3201836:316
111611.9210,1788877913.1105,6,274.49,1163.03,1437.52,64.0,15266.5,40775.7,2374.5,8171.695,3268.966,70622.826,3201800:13;3201833:269;3201834:292;3201835:269;3201836:320
111612.0305,1788877913.2200,6,274.49,1163.66,1438.14,36.1,15266.5,40775.7,2374.5,8172.376,3268.989,70622.826,3201800:13;3201833:269;3201834:293;3201835:269;3201836:320
111612.1419,1788877913.3315,6,274.49,1171.49,1445.98,36.3,15266.2,40776.0,2374.5,8173.017,3269.014,70622.826,3201800:13;3201833:272;3201834:295;3201835:270;3201836:322
111612.2518,1788877913.4413,6,274.49,1182.66,1457.15,118.2,15271.5,40770.7,2374.5,8173.921,3269.053,70622.826,3201800:13;3201833:276;3201834:298;3201835:271;3201836:325
111612.3617,1788877913.5512,6,274.49,1191.64,1466.12,152.3,15291.2,40751.0,2374.5,8174.618,3269.086,70622.826,3201800:13;3201833:281;3201834:300;3201835:271;3201836:327
111612.4733,1788877913.6629,6,274.49,1192.48,1466.97,27.1,15296.9,40745.3,2374.5,8175.389,3269.111,70622.826,3201800:13;3201833:281;3201834:300;3201835:271;3201836:327
111612.5845,1788877913.7740,6,274.49,1197.03,1471.52,54.6,15296.9,40745.3,2374.5,8176.101,3269.144,70622.826,3201800:13;3201833:282;3201834:304;3201835:271;3201836:327
111612.6937,1788877913.8832,6,274.49,1206.61,1481.09,18.2,15297.4,40744.8,2374.5,8176.812,3269.175,70622.826,3201800:13;3201833:282;3201834:309;3201835:275;3201836:328
111612.8042,1788877913.9938,6,274.49,1211.09,1485.58,45.5,15301.6,40740.6,2374.5,8177.490,3269.205,70622.826,3201800:13;3201833:282;3201834:308;3201835:279;3201836:329
111612.9136,1788877914.1031,6,274.49,1219.77,1494.26,73.0,15301.6,40740.6,2374.5,8178.152,3269.237,70622.826,3201800:13;3201833:286;3201834:312;3201835:279;3201836:330
111613.0234,1788877914.2130,6,274.49,1228.80,1503.29,109.0,15323.2,40719.0,2374.5,8178.820,3269.269,70622.826,3201800:13;3201833:290;3201834:311;3201835:281;3201836:333
111613.1334,1788877914.3230,6,274.49,1242.32,1516.80,127.7,15341.4,40700.8,2374.5,8179.567,3269.301,70622.826,3201800:13;3201833:293;3201834:312;3201835:288;3201836:338
111613.2433,1788877914.4328,6,274.49,1241.02,1515.50,36.4,15344.8,40697.4,2374.5,8180.235,3269.323,70622.826,3201800:13;3201833:292;3201834:312;3201835:287;3201836:337
111613.3527,1788877914.5423,6,274.49,1249.21,1523.70,91.0,15346.6,40695.7,2374.5,8181.038,3269.357,70622.826,3201800:13;3201833:294;3201834:309;3201835:291;3201836:342
111613.4629,1788877914.6524,6,274.49,1246.75,1521.24,27.3,15346.6,40695.7,2374.5,8181.712,3269.387,70622.826,3201800:13;3201833:294;3201834:309;3201835:293;3201836:338
111613.5726,1788877914.7621,6,274.49,1249.12,1523.61,9.0,15346.6,40695.7,2374.5,8182.437,3269.415,70622.826,3201800:13;3201833:294;3201834:311;3201835:294;3201836:338
111613.6845,1788877914.8740,6,274.49,1250.14,1524.63,18.2,15346.8,40695.4,2374.5,8183.121,3269.442,70622.826,3201800:13;3201833:294;3201834:311;3201835:294;3201836:338
111613.7937,1788877914.9833,6,274.49,1256.89,1531.38,35.6,15346.8,40695.4,2374.5,8183.866,3269.480,70622.826,3201800:13;3201833:296;3201834:316;3201835:294;3201836:338
111613.9065,1788877915.0960,6,274.49,1258.40,1532.89,53.0,15343.7,40698.5,2374.5,8184.481,3269.505,70622.826,3201800:13;3201833:296;3201834:316;3201835:295;3201836:338
111614.0206,1788877915.2102,6,274.49,1270.79,1545.27,71.8,15360.5,40681.7,2374.5,8185.286,3269.540,70622.826,3201800:13;3201833:296;3201834:317;3201835:302;3201836:343
111614.1318,1788877915.3214,6,274.49,1271.34,1545.83,18.0,15361.0,40681.2,2374.5,8185.864,3269.563,70622.826,3201800:13;3201833:298;3201834:317;3201835:301;3201836:343
111614.2416,1788877915.4312,6,274.49,1270.68,1545.16,17.9,15358.2,40684.0,2374.5,8186.754,3269.596,70622.826,3201800:13;3201833:298;3201834:316;3201835:301;3201836:343
111614.3532,1788877915.5427,6,274.49,1272.90,1547.39,45.9,15361.9,40680.3,2374.5,8187.305,3269.619,70622.826,3201800:13;3201833:298;3201834:316;3201835:303;3201836:343
111614.4623,1788877915.6519,6,274.49,1280.35,1554.84,45.4,15361.9,40680.3,2374.5,8188.031,3269.665,70622.826,3201800:13;3201833:299;3201834:317;3201835:303;3201836:349
111614.5726,1788877915.7621,6,274.49,1287.30,1561.79,109.9,15369.8,40672.4,2374.5,8188.563,3269.690,70622.826,3201800:13;3201833:299;3201834:322;3201835:303;3201836:350
111614.6819,1788877915.8714,6,274.49,1292.30,1566.79,45.5,15369.8,40672.4,2374.5,8189.362,3269.728,70622.826,3201800:13;3201833:299;3201834:323;3201835:305;3201836:354
111614.7921,1788877915.9816,6,274.49,1292.33,1566.82,0.0,15369.8,40672.4,2374.5,8189.930,3269.748,70622.826,3201800:13;3201833:299;3201834:323;3201835:304;3201836:354
111614.9012,1788877916.0908,6,274.49,1296.98,1571.47,45.3,15363.8,40678.5,2374.5,8190.760,3269.779,70622.826,3201800:13;3201833:298;3201834:323;3201835:307;3201836:356
111615.0118,1788877916.2013,6,274.49,1304.33,1578.82,81.9,15366.2,40676.0,2374.5,8191.312,3269.801,70622.826,3201800:13;3201833:304;3201834:323;3201835:308;3201836:356
111615.1213,1788877916.3109,6,274.49,1303.18,1577.66,54.2,15364.3,40677.9,2374.5,8192.242,3269.828,70622.826,3201800:13;3201833:304;3201834:322;3201835:308;3201836:356
111615.2319,1788877916.4215,6,274.49,1315.35,1589.84,45.0,15361.5,40680.7,2374.5,8192.793,3269.861,70622.826,3201800:13;3201833:304;3201834:329;3201835:311;3201836:358
111615.3429,1788877916.5324,6,274.49,1317.96,1592.45,55.2,15364.9,40677.4,2374.5,8193.640,3269.893,70622.826,3201800:13;3201833:304;3201834:331;3201835:311;3201836:358
111615.4518,1788877916.6414,6,274.49,1319.77,1594.26,35.9,15365.1,40677.1,2374.5,8194.212,3269.915,70622.826,3201800:13;3201833:303;3201834:332;3201835:313;3201836:359
111615.5637,1788877916.7532,6,274.49,1326.72,1601.21,18.2,15369.8,40672.4,2374.5,8195.035,3269.939,70622.826,3201800:13;3201833:307;3201834:333;3201835:313;3201836:361
111615.6730,1788877916.8625,6,274.49,1328.53,1603.02,73.0,15376.3,40665.9,2374.5,8195.584,3269.959,70622.826,3201800:13;3201833:308;3201834:333;3201835:316;3201836:359
111615.7825,1788877916.9720,6,274.49,1358.20,1632.69,181.4,15404.3,40637.9,2374.5,8196.420,3269.997,70622.826,3201800:13;3201833:314;3201834:341;3201835:324;3201836:367
111615.8928,1788877917.0824,6,274.49,1352.20,1626.69,72.7,15414.2,40628.1,2374.5,8196.977,3270.022,70622.826,3201800:13;3201833:311;3201834:341;3201835:324;3201836:363
111616.0028,1788877917.1923,6,274.49,1362.29,1636.77,100.4,15415.2,40627.1,2374.5,8197.787,3270.065,70622.826,3201800:13;3201833:311;3201834:343;3201835:330;3201836:365
111616.1123,1788877917.3018,6,274.49,1364.95,1639.44,27.0,15419.0,40623.2,2374.5,8198.356,3270.086,70622.826,3201800:13;3201833:314;3201834:341;3201835:331;3201836:367
111616.2237,1788877917.4133,6,274.49,1370.80,1645.29,54.4,15416.3,40625.9,2374.5,8199.305,3270.123,70622.826,3201800:13;3201833:314;3201834:341;3201835:336;3201836:367
111616.3339,1788877917.5234,6,274.49,1368.36,1642.85,27.3,15416.3,40625.9,2374.5,8199.855,3270.146,70622.826,3201800:13;3201833:314;3201834:341;3201835:333;3201836:367
111616.4443,1788877917.6338,6,274.49,1371.42,1645.91,27.3,15420.0,40622.2,2374.5,8200.657,3270.176,70622.826,3201800:13;3201833:315;3201834:341;3201835:333;3201836:369
111616.5536,1788877917.7431,6,274.49,1373.25,1647.74,9.0,15420.0,40622.2,2374.5,8201.189,3270.193,70622.826,3201800:13;3201833:315;3201834:341;3201835:334;3201836:370
111616.6640,1788877917.8536,6,274.49,1374.30,1648.79,18.4,15425.6,40616.7,2374.5,8202.072,3270.220,70622.826,3201800:13;3201833:315;3201834:342;3201835:335;3201836:370
111616.7734,1788877917.9629,6,274.49,1379.01,1653.50,36.1,15422.2,40620.0,2374.5,8202.603,3270.244,70622.826,3201800:13;3201833:315;3201834:342;3201835:337;3201836:372
111616.8844,1788877918.0740,6,274.49,1380.26,1654.75,9.0,15421.9,40620.3,2374.5,8203.394,3270.277,70622.826,3201800:13;3201833:316;3201834:343;3201835:337;3201836:372
111616.9954,1788877918.1850,6,274.49,1383.45,1657.94,27.4,15420.7,40621.6,2374.5,8203.930,3270.303,70622.975,3201800:13;3201833:319;3201834:343;3201835:337;3201836:372
111617.1047,1788877918.2942,6,274.49,1389.82,1664.31,72.9,15420.7,40621.6,2374.5,8204.701,3270.332,70622.975,3201800:13;3201833:322;3201834:345;3201835:338;3201836:373
111617.2144,1788877918.4040,6,274.49,1389.82,1664.31,0.0,15420.7,40621.6,2374.5,8205.251,3270.356,70622.975,3201800:13;3201833:322;3201834:345;3201835:338;3201836:373
111617.3251,1788877918.5147,6,274.49,1396.05,1670.54,63.2,15428.6,40613.6,2374.5,8206.087,3270.392,70622.975,3201800:13;3201833:324;3201834:347;3201835:338;3201836:375
111617.4362,1788877918.6257,6,274.49,1396.16,1670.64,0.0,15428.9,40613.3,2374.5,8206.590,3270.408,70622.975,3201800:13;3201833:324;3201834:347;3201835:338;3201836:375
111617.5467,1788877918.7362,6,274.49,1398.87,1673.36,54.0,15432.1,40610.1,2374.5,8207.466,3270.440,70622.975,3201800:13;3201833:326;3201834:347;3201835:339;3201836:375
111617.6580,1788877918.8475,6,274.49,1399.43,1673.92,27.1,15426.9,40615.3,2374.5,8207.954,3270.455,70622.975,3201800:13;3201833:326;3201834:347;3201835:337;3201836:377
111617.7688,1788877918.9583,6,274.49,1402.61,1677.10,27.0,15426.9,40615.3,2374.5,8208.768,3270.483,70622.975,3201800:13;3201833:326;3201834:348;3201835:337;3201836:380
111617.8801,1788877919.0696,6,274.49,1404.41,1678.90,26.7,15428.5,40613.7,2374.5,8209.190,3270.497,70622.975,3201800:13;3201833:326;3201834:347;3201835:339;3201836:379
111617.9915,1788877919.1811,6,274.49,1406.12,1680.61,27.3,15422.2,40620.0,2374.5,8210.063,3270.521,70622.975,3201800:13;3201833:326;3201834:348;3201835:339;3201836:380
111618.1019,1788877919.2914,6,274.49,1407.77,1682.26,80.7,15423.2,40619.0,2374.5,8210.441,3270.541,70622.975,3201800:13;3201833:325;3201834:349;3201835:339;3201836:382
111618.2131,1788877919.4027,6,274.49,1415.23,1689.71,99.6,15420.3,40621.9,2374.5,8211.449,3270.580,70622.975,3201800:13;3201833:327;3201834:354;3201835:339;3201836:382
111618.3249,1788877919.5145,6,274.49,1415.60,1690.09,8.5,15421.4,40620.9,2374.5,8211.860,3270.593,70622.975,3201800:13;3201833:328;3201834:354;3201835:339;3201836:382
111618.4406,1788877919.6302,6,274.49,1421.00,1695.48,109.2,15444.4,40597.8,2374.5,8212.794,3270.635,70622.975,3201800:13;3201833:332;3201834:353;3201835:341;3201836:382
111618.5506,1788877919.7401,6,274.49,1421.62,1696.11,9.0,15444.4,40597.8,2374.5,8213.067,3270.645,70622.975,3201800:13;3201833:333;3201834:353;3201835:341;3201836:382
111618.6622,1788877919.8517,6,274.49,1433.13,1707.62,63.4,15447.6,40594.6,2374.5,8214.080,3270.691,70622.975,3201800:13;3201833:336;3201834:359;3201835:343;3201836:382
111618.7722,1788877919.9618,6,274.49,1435.13,1709.62,8.9,15447.9,40594.3,2374.5,8214.363,3270.705,70622.975,3201800:13;3201833:336;3201834:361;3201835:343;3201836:382
111618.8851,1788877920.0746,6,274.49,1442.18,1716.67,99.4,15446.5,40595.7,2374.5,8215.637,3270.755,70622.975,3201800:13;3201833:337;3201834:363;3201835:345;3201836:384
111618.9956,1788877920.1852,6,274.49,1448.70,1723.19,35.8,15449.5,40592.8,2374.5,8215.918,3270.765,70622.975,3201800:13;3201833:337;3201834:364;3201835:351;3201836:384
111619.1074,1788877920.2970,6,274.49,1457.25,1731.73,90.8,15455.5,40586.7,2374.5,8217.032,3270.810,70622.975,3201800:13;3201833:341;3201834:366;3201835:351;3201836:386
111619.2172,1788877920.4067,6,274.49,1463.95,1738.44,25.8,15459.4,40582.8,2374.5,8217.277,3270.823,70622.975,3201800:13;3201833:348;3201834:366;3201835:351;3201836:386
111619.3334,1788877920.5229,6,274.49,1469.30,1743.79,109.7,15465.0,40577.2,2374.5,8218.425,3270.868,70622.975,3201800:13;3201833:348;3201834:368;3201835:354;3201836:386
111619.4432,1788877920.6327,6,274.49,1469.68,1744.17,0.0,15465.0,40577.2,2374.5,8218.630,3270.876,70622.975,3201800:13;3201833:348;3201834:368;3201835:354;3201836:386
111619.5542,1788877920.7437,6,274.49,1475.85,1750.34,63.0,15466.0,40576.2,2374.5,8219.827,3270.932,70622.975,3201800:13;3201833:350;3201834:368;3201835:356;3201836:389
111619.6660,1788877920.8556,6,274.49,1475.98,1750.46,0.0,15467.7,40574.5,2374.5,8219.988,3270.937,70622.975,3201800:13;3201833:350;3201834:368;3201835:356;3201836:389
111619.7765,1788877920.9660,6,274.49,1479.30,1753.79,35.8,15468.0,40574.2,2374.5,8221.198,3270.971,70622.975,3201800:13;3201833:352;3201834:369;3201835:356;3201836:389
111619.8881,1788877921.0776,6,274.49,1483.84,1758.33,62.5,15468.5,40573.8,2374.5,8222.210,3271.000,70622.975,3201800:13;3201833:353;3201834:370;3201835:360;3201836:389
111619.9998,1788877921.1894,6,274.49,1484.70,1759.18,118.3,15478.2,40564.0,2374.5,8223.546,3271.037,70622.975,3201800:13;3201833:353;3201834:370;3201835:362;3201836:387
111620.1096,1788877921.2992,6,274.49,1487.38,1761.86,36.6,15473.1,40569.1,2374.5,8223.651,3271.044,70622.975,3201800:13;3201833:353;3201834:372;3201835:363;3201836:387
111620.2192,1788877921.4087,6,274.49,1487.35,1761.84,36.1,15477.1,40565.1,2374.5,8225.018,3271.102,70622.975,3201800:13;3201833:352;3201834:373;3201835:363;3201836:387
111620.3315,1788877921.5211,6,274.49,1487.35,1761.84,0.0,15476.8,40565.4,2374.5,8225.076,3271.105,70622.975,3201800:13;3201833:352;3201834:373;3201835:363;3201836:387
111620.4426,1788877921.6321,6,274.49,1490.37,1764.86,17.6,15477.1,40565.2,2374.5,8226.464,3271.146,70622.975,3201800:13;3201833:352;3201834:373;3201835:363;3201836:390
111620.5568,1788877921.7463,6,274.49,1490.37,1764.86,0.0,15477.3,40564.9,2374.5,8226.464,3271.146,70622.975,3201800:13;3201833:352;3201834:373;3201835:363;3201836:390
111620.6698,1788877921.8594,6,274.49,1491.87,1766.36,18.0,15476.8,40565.4,2374.5,8227.779,3271.185,70622.975,3201800:13;3201833:352;3201834:373;3201835:363;3201836:390
111620.7801,1788877921.9696,6,274.49,1491.87,1766.36,8.7,15476.8,40565.4,2374.5,8227.779,3271.186,70622.975,3201800:13;3201833:352;3201834:373;3201835:363;3201836:390
111620.8952,1788877922.0847,6,274.49,1494.11,1768.60,45.5,15469.1,40573.1,2374.5,8229.138,3271.219,70622.975,3201800:13;3201833:354;3201834:374;3201835:362;3201836:391
111621.0057,1788877922.1952,6,274.49,1494.11,1768.60,9.0,15469.5,40572.7,2374.5,8229.321,3271.224,70622.975,3201800:13;3201833:354;3201834:374;3201835:362;3201836:391
111621.1170,1788877922.3066,6,274.49,1496.09,1770.58,17.6,15473.7,40568.5,2374.5,8230.456,3271.262,70622.975,3201800:13;3201833:355;3201834:376;3201835:362;3201836:391
111621.2306,1788877922.4202,6,274.49,1496.64,1771.13,9.0,15473.7,40568.5,2374.5,8230.678,3271.270,70622.975,3201800:13;3201833:355;3201834:376;3201835:362;3201836:391
111621.3421,1788877922.5317,6,274.49,1494.45,1768.94,52.2,15466.1,40576.1,2374.5,8231.694,3271.299,70622.975,3201800:13;3201833:355;3201834:376;3201835:359;3201836:391
111621.4573,1788877922.6468,6,274.49,1494.82,1769.31,9.2,15466.6,40575.6,2374.5,8231.930,3271.315,70622.975,3201800:13;3201833:355;3201834:377;3201835:359;3201836:392
111621.5663,1788877922.7558,6,274.49,1497.11,1771.59,26.4,15467.1,40575.1,2374.5,8233.023,3271.348,70622.975,3201800:13;3201833:355;3201834:377;3201835:360;3201836:392
111621.6799,1788877922.8694,6,274.49,1497.23,1771.72,0.0,15465.3,40576.9,2374.5,8233.336,3271.359,70622.975,3201800:13;3201833:355;3201834:377;3201835:360;3201836:392
111621.7908,1788877922.9803,6,274.49,1506.96,1781.45,44.6,15472.3,40570.0,2374.5,8234.389,3271.393,70622.975,3201800:13;3201833:356;3201834:386;3201835:360;3201836:392
111621.9026,1788877923.0922,6,274.49,1506.28,1780.77,44.0,15474.5,40567.7,2374.5,8234.714,3271.403,70622.975,3201800:13;3201833:356;3201834:385;3201835:360;3201836:392
111622.0163,1788877923.2059,6,274.49,1512.45,1786.93,18.2,15470.8,40571.5,2374.5,8235.726,3271.442,70623.080,3201800:13;3201833:356;3201834:391;3201835:361;3201836:392
111622.1263,1788877923.3158,6,274.49,1513.20,1787.69,35.9,15470.8,40571.5,2374.5,8236.121,3271.458,70623.080,3201800:13;3201833:357;3201834:391;3201835:361;3201836:392
111622.2378,1788877923.4273,6,274.49,1505.14,1779.63,72.6,15475.2,40567.1,2374.5,8236.999,3271.481,70623.080,3201800:13;3201833:357;3201834:397;3201835:353;3201836:385
111622.3483,1788877923.5379,6,274.49,1507.22,1781.71,35.3,15484.3,40558.0,2374.5,8237.371,3271.499,70623.080,3201800:13;3201833:357;3201834:399;3201835:353;3201836:385
111622.4615,1788877923.6510,6,274.74,1552.93,1827.67,187.0,15584.5,40457.8,2374.5,8238.289,3271.529,70623.080,3201800:13;3201833:358;3201834:391;3201835:398;3201836:393
111622.5740,1788877923.7636,6,274.74,1526.59,1801.33,63.4,15561.6,40480.6,2374.5,8238.705,3271.546,70623.080,3201800:13;3201833:360;3201834:387;3201835:380;3201836:387
111622.6841,1788877923.8736,6,274.86,1528.19,1803.05,81.7,15560.5,40481.8,2374.5,8239.522,3271.578,70623.080,3201800:13;3201833:362;3201834:386;3201835:380;3201836:387
111622.7943,1788877923.9838,6,274.86,1547.36,1822.22,99.0,15589.0,40453.2,2374.5,8239.990,3271.594,70623.080,3201800:13;3201833:386;3201834:387;3201835:379;3201836:383
111622.9055,1788877924.0951,6,274.86,1534.24,1809.10,115.7,15599.7,40442.6,2374.5,8240.896,3271.623,70623.080,3201800:13;3201833:369;3201834:391;3201835:379;3201836:383
111623.0176,1788877924.2071,6,274.86,1532.30,1807.17,45.2,15599.3,40443.0,2374.5,8241.432,3271.642,70623.080,3201800:13;3201833:369;3201834:391;3201835:378;3201836:382
111623.1286,1788877924.3181,6,274.86,1536.11,1810.98,9.2,15599.4,40442.8,2374.5,8242.145,3271.669,70623.080,3201800:13;3201833:369;3201834:391;3201835:379;3201836:384
111623.2375,1788877924.4270,6,274.86,1539.16,1814.03,27.0,15599.4,40442.8,2374.5,8242.559,3271.680,70623.080,3201800:13;3201833:372;3201834:391;3201835:379;3201836:384
111623.3487,1788877924.5383,6,274.86,1540.96,1815.82,26.9,15600.1,40442.1,2374.5,8243.329,3271.707,70623.080,3201800:13;3201833:370;3201834:391;3201835:379;3201836:388
111623.4600,1788877924.6496,6,274.86,1542.00,1816.86,36.6,15604.6,40437.7,2374.5,8243.854,3271.726,70623.080,3201800:13;3201833:372;3201834:391;3201835:379;3201836:387
111623.5694,1788877924.7589,6,274.86,1542.48,1817.34,0.0,15604.6,40437.7,2374.5,8244.683,3271.752,70623.080,3201800:13;3201833:372;3201834:391;3201835:380;3201836:387
111623.6790,1788877924.8686,6,274.86,1543.36,1818.22,27.4,15608.6,40433.7,2374.5,8245.129,3271.767,70623.080,3201800:13;3201833:373;3201834:391;3201835:380;3201836:387
111623.7884,1788877924.9780,6,274.86,1544.62,1819.48,36.4,15608.6,40433.7,2374.5,8245.964,3271.798,70623.080,3201800:13;3201833:373;3201834:391;3201835:379;3201836:389
111623.8987,1788877925.0882,6,274.86,1544.59,1819.45,27.4,15606.9,40435.3,2374.5,8246.471,3271.812,70623.080,3201800:13;3201833:373;3201834:391;3201835:380;3201836:388
111624.0083,1788877925.1978,6,274.86,1541.64,1816.50,45.4,15607.1,40435.1,2374.5,8247.312,3271.841,70623.080,3201800:13;3201833:373;3201834:391;3201835:380;3201836:385
111624.1184,1788877925.3079,6,274.86,1541.64,1816.50,9.1,15605.7,40436.6,2374.5,8247.809,3271.860,70623.080,3201800:13;3201833:373;3201834:391;3201835:380;3201836:385
111624.2281,1788877925.4176,6,274.86,1542.39,1817.25,9.2,15608.1,40434.1,2374.5,8248.690,3271.887,70623.092,3201800:13;3201833:373;3201834:391;3201835:380;3201836:385
111624.3369,1788877925.5265,6,274.86,1542.64,1817.50,9.2,15600.7,40441.5,2374.5,8249.094,3271.900,70623.092,3201800:13;3201833:373;3201834:391;3201835:380;3201836:386
111624.4458,1788877925.6353,6,274.86,1543.39,1818.25,18.2,15601.2,40441.1,2374.5,8249.993,3271.930,70623.092,3201800:13;3201833:373;3201834:391;3201835:380;3201836:386
111624.5562,1788877925.7457,6,274.86,1544.69,1819.55,26.8,15601.4,40440.8,2374.5,8250.434,3271.945,70623.092,3201800:13;3201833:374;3201834:391;3201835:380;3201836:387
111624.6680,1788877925.8575,6,274.86,1545.05,1819.91,9.1,15601.4,40440.8,2374.5,8251.303,3271.969,70623.092,3201800:13;3201833:374;3201834:391;3201835:380;3201836:387
111624.7779,1788877925.9675,6,274.86,1545.30,1820.16,0.0,15601.4,40440.8,2374.5,8251.794,3271.983,70623.092,3201800:13;3201833:374;3201834:391;3201835:380;3201836:387
111624.8894,1788877926.0789,6,274.86,1546.34,1821.21,18.2,15596.9,40445.3,2374.5,8252.584,3272.006,70623.092,3201800:13;3201833:375;3201834:391;3201835:380;3201836:387
111624.9997,1788877926.1892,6,274.86,1552.21,1827.08,9.0,15599.1,40443.1,2374.5,8253.132,3272.032,70623.092,3201800:13;3201833:375;3201834:391;3201835:384;3201836:389
111625.1110,1788877926.3006,6,274.86,1552.59,1827.45,9.0,15598.9,40443.3,2374.5,8253.968,3272.058,70623.092,3201800:13;3201833:375;3201834:391;3201835:384;3201836:390
111625.2223,1788877926.4118,6,274.86,1552.85,1827.71,26.9,15598.0,40444.2,2374.5,8254.622,3272.082,70623.092,3201800:13;3201833:375;3201834:391;3201835:384;3201836:390
111625.3336,1788877926.5232,6,274.99,1583.69,1858.68,127.1,15635.6,40406.6,2374.5,8255.330,3272.104,70623.092,3201800:13;3201833:375;3201834:439;3201835:366;3201836:390
111625.4441,1788877926.6337,6,274.99,1567.10,1842.09,62.3,15633.4,40408.8,2374.5,8255.867,3272.119,70623.092,3201800:13;3201833:376;3201834:422;3201835:366;3201836:390
111625.5562,1788877926.7458,6,274.99,1567.77,1842.76,0.0,15633.4,40408.8,2374.5,8256.539,3272.132,70623.092,3201800:13;3201833:376;3201834:422;3201835:367;3201836:390
111625.6662,1788877926.8557,6,274.99,1566.98,1841.97,27.3,15633.4,40408.8,2374.5,8257.067,3272.143,70623.092,3201800:13;3201833:376;3201834:422;3201835:367;3201836:389
111625.7768,1788877926.9663,6,274.99,1568.11,1843.10,9.1,15633.6,40408.6,2374.5,8257.838,3272.160,70623.092,3201800:13;3201833:376;3201834:422;3201835:367;3201836:390
111625.8862,1788877927.0757,6,274.99,1573.21,1848.20,18.2,15630.5,40411.8,2374.5,8258.433,3272.181,70623.092,3201800:13;3201833:376;3201834:425;3201835:368;3201836:391
111625.9967,1788877927.1862,6,274.99,1593.72,1868.71,182.7,15644.3,40397.9,2374.5,8259.209,3272.203,70623.092,3201800:13;3201833:369;3201834:453;3201835:367;3201836:391
111626.1064,1788877927.2959,6,274.99,1599.29,1874.27,45.1,15647.6,40394.6,2374.5,8259.801,3272.220,70623.951,3201800:13;3201833:372;3201834:456;3201835:368;3201836:391
111626.2171,1788877927.4066,6,274.99,1596.82,1871.80,91.3,15669.2,40373.0,2374.5,8260.561,3272.249,70623.951,3201800:13;3201833:372;3201834:452;3201835:369;3201836:392
111626.3263,1788877927.5158,6,274.99,1597.19,1872.18,36.4,15664.7,40377.5,2374.5,8261.285,3272.271,70623.951,3201800:13;3201833:372;3201834:452;3201835:369;3201836:392
111626.4359,1788877927.6254,6,274.99,1597.69,1872.68,9.1,15665.0,40377.3,2374.5,8262.071,3272.297,70623.951,3201800:13;3201833:372;3201834:452;3201835:369;3201836:392
111626.5456,1788877927.7352,6,274.99,1598.44,1873.43,0.0,15660.5,40381.8,2374.5,8262.612,3272.313,70623.951,3201800:13;3201833:372;3201834:452;3201835:369;3201836:392
111626.6548,1788877927.8444,6,274.99,1599.34,1874.33,18.4,15660.5,40381.8,2374.5,8263.400,3272.337,70623.951,3201800:13;3201833:373;3201834:452;3201835:369;3201836:392
111626.7639,1788877927.9535,6,274.99,1599.59,1874.58,9.1,15660.5,40381.8,2374.5,8263.942,3272.351,70623.951,3201800:13;3201833:373;3201834:452;3201835:369;3201836:392
111626.8742,1788877928.0637,6,274.99,1603.18,1878.16,36.5,15659.3,40382.9,2374.5,8264.858,3272.378,70623.951,3201800:13;3201833:373;3201834:452;3201835:372;3201836:393
111626.9832,1788877928.1728,6,274.99,1604.02,1879.01,9.1,15658.3,40383.9,2374.5,8265.322,3272.392,70623.951,3201800:13;3201833:374;3201834:453;3201835:372;3201836:393
111627.0937,1788877928.2832,6,274.99,1604.63,1879.62,0.0,15658.5,40383.7,2374.5,8266.100,3272.409,70623.951,3201800:13;3201833:374;3201834:453;3201835:372;3201836:393
111627.2040,1788877928.3936,6,274.99,1605.15,1880.14,36.4,15658.5,40383.7,2374.5,8266.603,3272.425,70623.951,3201800:13;3201833:375;3201834:455;3201835:372;3201836:391
111627.3133,1788877928.5029,6,274.99,1605.52,1880.51,9.1,15658.5,40383.7,2374.5,8267.391,3272.441,70623.951,3201800:13;3201833:375;3201834:455;3201835:372;3201836:392
111627.4232,1788877928.6127,6,274.99,1607.00,1881.98,9.2,15659.0,40383.2,2374.5,8267.986,3272.454,70623.986,3201800:13;3201833:376;3201834:455;3201835:372;3201836:392
111627.5325,1788877928.7221,6,274.99,1607.98,1882.97,36.3,15663.5,40378.8,2374.5,8268.729,3272.474,70623.986,3201800:13;3201833:377;3201834:455;3201835:372;3201836:392
111627.6428,1788877928.8323,6,274.99,1607.98,1882.97,0.0,15663.5,40378.8,2374.5,8269.231,3272.487,70623.986,3201800:13;3201833:377;3201834:455;3201835:372;3201836:392
111627.7532,1788877928.9428,6,274.99,1608.36,1883.35,0.0,15663.5,40378.8,2374.5,8269.940,3272.502,70623.986,3201800:13;3201833:377;3201834:455;3201835:372;3201836:392
111627.8639,1788877929.0535,6,274.99,1609.30,1884.29,9.0,15661.9,40380.3,2374.5,8270.445,3272.515,70623.986,3201800:13;3201833:378;3201834:455;3201835:372;3201836:392
111627.9751,1788877929.1646,6,274.99,1611.56,1886.55,27.0,15665.3,40376.9,2374.5,8271.218,3272.529,70623.986,3201800:13;3201833:380;3201834:455;3201835:372;3201836:392
111628.0860,1788877929.2755,6,274.99,1607.58,1882.57,9.0,15662.4,40379.9,2374.5,8271.639,3272.538,70623.986,3201800:13;3201833:376;3201834:455;3201835:372;3201836:392
111628.1973,1788877929.3869,6,274.99,1607.66,1882.64,0.0,15662.4,40379.9,2374.5,8272.359,3272.554,70623.986,3201800:13;3201833:376;3201834:455;3201835:372;3201836:392
111628.3065,1788877929.4960,6,274.99,1607.77,1882.75,54.5,15662.4,40379.9,2374.5,8272.812,3272.567,70623.986,3201800:13;3201833:376;3201834:455;3201835:372;3201836:392
111628.4169,1788877929.6064,6,274.99,1610.60,1885.59,54.3,15666.4,40375.9,2374.5,8273.538,3272.589,70623.986,3201800:13;3201833:380;3201834:455;3201835:372;3201836:391
111628.5274,1788877929.7169,6,274.99,1611.22,1886.21,0.0,15666.1,40376.1,2374.5,8274.189,3272.602,70623.986,3201800:13;3201833:381;3201834:455;3201835:372;3201836:391
111628.6385,1788877929.8280,6,274.99,1611.47,1886.46,8.8,15666.1,40376.1,2374.5,8274.932,3272.621,70623.986,3201800:13;3201833:381;3201834:455;3201835:372;3201836:391
111628.7522,1788877929.9417,6,274.99,1612.47,1887.46,8.9,15666.1,40376.1,2374.5,8275.571,3272.638,70623.986,3201800:13;3201833:382;3201834:455;3201835:372;3201836:391
111628.8640,1788877930.0536,6,274.99,1613.07,1888.06,0.0,15663.6,40378.6,2374.5,8276.281,3272.651,70623.986,3201800:13;3201833:382;3201834:455;3201835:372;3201836:391
111628.9747,1788877930.1643,6,274.99,1612.89,1887.88,26.9,15663.6,40378.6,2374.5,8276.921,3272.665,70623.986,3201800:13;3201833:382;3201834:455;3201835:372;3201836:391
111629.0858,1788877930.2753,6,274.99,1613.92,1888.91,36.3,15660.7,40381.5,2374.5,8277.530,3272.680,70623.986,3201800:13;3201833:383;3201834:455;3201835:372;3201836:391
111629.1965,1788877930.3860,6,274.99,1615.04,1890.03,18.0,15660.7,40381.5,2374.5,8278.291,3272.703,70623.986,3201800:13;3201833:383;3201834:455;3201835:372;3201836:392
111629.3072,1788877930.4968,6,274.99,1613.08,1888.07,36.3,15650.4,40391.8,2374.5,8278.891,3272.718,70623.986,3201800:13;3201833:382;3201834:455;3201835:372;3201836:392
111629.4170,1788877930.6066,6,274.99,1614.09,1889.08,18.3,15659.0,40383.2,2374.5,8279.557,3272.737,70623.986,3201800:13;3201833:382;3201834:455;3201835:372;3201836:392
111629.5267,1788877930.7162,6,274.99,1618.68,1893.67,8.9,15659.5,40382.7,2374.5,8280.209,3272.760,70623.986,3201800:13;3201833:387;3201834:455;3201835:372;3201836:392
111629.6387,1788877930.8282,6,274.99,1625.96,1900.95,63.1,15663.6,40378.7,2374.5,8281.026,3272.784,70623.986,3201800:13;3201833:388;3201834:461;3201835:372;3201836:392
111629.7500,1788877930.9396,6,275.24,1636.29,1911.52,99.4,15655.2,40387.0,2374.5,8281.626,3272.802,70623.986,3201800:13;3201833:388;3201834:473;3201835:370;3201836:392
111629.8606,1788877931.0502,6,275.24,1638.42,1913.66,0.0,15655.2,40387.0,2374.5,8282.405,3272.822,70623.986,3201800:13;3201833:388;3201834:475;3201835:370;3201836:392
111629.9721,1788877931.1617,6,275.24,1641.73,1916.96,107.4,15739.9,40302.4,2374.5,8282.948,3272.830,70623.986,3201800:13;3201833:389;3201834:449;3201835:398;3201836:392
111630.0842,1788877931.2738,6,275.24,1658.01,1933.25,142.9,15761.4,40280.8,2374.5,8283.626,3272.846,70623.986,3201800:13;3201833:391;3201834:448;3201835:415;3201836:392
111630.1958,1788877931.3854,6,275.24,1658.26,1933.50,0.0,15761.6,40280.6,2374.5,8284.175,3272.860,70623.986,3201800:13;3201833:391;3201834:448;3201835:415;3201836:392
111630.3057,1788877931.4952,6,275.24,1659.34,1934.58,9.2,15762.4,40279.9,2374.5,8284.986,3272.878,70623.986,3201800:13;3201833:392;3201834:448;3201835:415;3201836:393
111630.4151,1788877931.6046,6,275.24,1659.59,1934.83,0.0,15762.4,40279.9,2374.5,8285.378,3272.885,70623.986,3201800:13;3201833:392;3201834:448;3201835:415;3201836:393
111630.5259,1788877931.7155,6,275.24,1660.01,1935.25,36.5,15766.1,40276.2,2374.5,8285.817,3272.898,70623.986,3201800:13;3201833:392;3201834:447;3201835:415;3201836:393
111630.6356,1788877931.8252,6,275.24,1660.39,1935.62,0.0,15766.1,40276.2,2374.5,8286.337,3272.908,70623.986,3201800:13;3201833:392;3201834:447;3201835:415;3201836:393
111630.7473,1788877931.9369,6,275.24,1661.32,1936.56,45.5,15766.1,40276.2,2374.5,8287.107,3272.928,70623.986,3201800:13;3201833:393;3201834:449;3201835:415;3201836:391
111630.8574,1788877932.0469,6,275.24,1661.62,1936.86,8.8,15766.1,40276.2,2374.5,8287.616,3272.936,70623.986,3201800:13;3201833:393;3201834:449;3201835:415;3201836:391
111630.9714,1788877932.1610,6,275.24,1664.04,1939.27,18.2,15766.8,40275.4,2374.5,8288.299,3272.956,70623.986,3201800:13;3201833:394;3201834:449;3201835:415;3201836:393
111631.0815,1788877932.2710,6,275.24,1664.04,1939.27,8.9,15767.0,40275.2,2374.5,8288.715,3272.964,70623.986,3201800:13;3201833:394;3201834:449;3201835:415;3201836:393
111631.1953,1788877932.3849,6,275.24,1663.60,1938.84,18.0,15767.0,40275.2,2374.5,8289.570,3272.986,70623.986,3201800:13;3201833:394;3201834:449;3201835:415;3201836:393
111631.3052,1788877932.4947,6,275.24,1664.22,1939.46,0.0,15767.5,40274.8,2374.5,8289.890,3272.993,70623.986,3201800:13;3201833:394;3201834:449;3201835:415;3201836:393
111631.4160,1788877932.6056,6,275.24,1666.08,1941.32,18.0,15767.5,40274.8,2374.5,8290.618,3273.013,70623.986,3201800:13;3201833:395;3201834:450;3201835:415;3201836:394
111631.5269,1788877932.7165,6,275.24,1666.83,1942.07,0.0,15767.4,40274.8,2374.5,8290.970,3273.020,70623.986,3201800:13;3201833:395;3201834:450;3201835:415;3201836:394
111631.6383,1788877932.8278,6,275.24,1667.57,1942.81,0.0,15767.4,40274.8,2374.5,8291.765,3273.036,70623.986,3201800:13;3201833:396;3201834:450;3201835:415;3201836:395
111631.7524,1788877932.9419,6,275.24,1668.75,1943.99,62.5,15775.1,40267.1,2374.5,8292.052,3273.042,70623.986,3201800:13;3201833:396;3201834:450;3201835:415;3201836:395
111631.8632,1788877933.0527,6,275.24,1673.29,1948.53,45.7,15779.0,40263.2,2374.5,8292.961,3273.067,70623.986,3201800:13;3201833:396;3201834:449;3201835:415;3201836:400
111631.9729,1788877933.1625,6,275.24,1673.29,1948.53,8.8,15779.0,40263.2,2374.5,8293.248,3273.075,70623.986,3201800:13;3201833:396;3201834:449;3201835:415;3201836:400
111632.0863,1788877933.2758,6,275.24,1678.40,1953.64,43.7,15779.0,40263.2,2374.5,8294.211,3273.106,70623.986,3201800:13;3201833:397;3201834:451;3201835:415;3201836:403
111632.2004,1788877933.3899,6,275.24,1676.82,1952.06,27.4,15779.0,40263.2,2374.5,8294.334,3273.113,70623.986,3201800:13;3201833:398;3201834:451;3201835:415;3201836:401
111632.3100,1788877933.4995,6,275.24,1681.04,1956.28,27.0,15781.4,40260.8,2374.5,8295.519,3273.155,70623.986,3201800:13;3201833:400;3201834:451;3201835:415;3201836:402
111632.4224,1788877933.6119,6,275.24,1681.04,1956.28,0.0,15781.4,40260.8,2374.5,8295.736,3273.161,70623.986,3201800:13;3201833:400;3201834:451;3201835:415;3201836:402
111632.5327,1788877933.7223,6,275.24,1682.45,1957.69,9.0,15781.4,40260.8,2374.5,8296.895,3273.194,70623.986,3201800:13;3201833:401;3201834:451;3201835:415;3201836:403
111632.6434,1788877933.8329,6,275.24,1682.45,1957.69,8.9,15781.4,40260.9,2374.5,8297.050,3273.199,70623.986,3201800:13;3201833:401;3201834:451;3201835:415;3201836:403
111632.7555,1788877933.9450,6,275.24,1684.09,1959.33,27.1,15781.4,40260.9,2374.5,8298.199,3273.225,70623.986,3201800:13;3201833:401;3201834:452;3201835:415;3201836:403
111632.8661,1788877934.0556,6,275.24,1683.98,1959.22,0.0,15781.6,40260.6,2374.5,8298.341,3273.228,70623.986,3201800:13;3201833:402;3201834:451;3201835:415;3201836:403
111632.9789,1788877934.1685,6,275.24,1685.23,1960.47,45.4,15778.6,40263.7,2374.5,8299.321,3273.258,70623.986,3201800:13;3201833:401;3201834:453;3201835:415;3201836:404
111633.0879,1788877934.2774,6,275.24,1685.23,1960.47,0.0,15778.6,40263.7,2374.5,8299.421,3273.259,70623.986,3201800:13;3201833:401;3201834:453;3201835:415;3201836:404
111633.1979,1788877934.3874,6,275.24,1688.01,1963.25,53.8,15777.1,40265.2,2374.5,8300.498,3273.294,70623.986,3201800:13;3201833:403;3201834:453;3201835:415;3201836:404
111633.3093,1788877934.4988,6,275.24,1688.01,1963.25,9.1,15776.9,40265.3,2374.5,8300.596,3273.298,70623.986,3201800:13;3201833:403;3201834:453;3201835:415;3201836:404
111633.4184,1788877934.6079,6,275.24,1686.95,1962.19,9.0,15776.9,40265.3,2374.5,8301.790,3273.327,70623.986,3201800:13;3201833:404;3201834:453;3201835:415;3201836:403
111633.5290,1788877934.7185,6,275.24,1686.95,1962.19,9.1,15776.9,40265.3,2374.5,8301.837,3273.330,70623.986,3201800:13;3201833:404;3201834:453;3201835:415;3201836:403
111633.6394,1788877934.8289,6,275.24,1689.12,1964.36,27.3,15781.9,40260.3,2374.5,8302.890,3273.353,70623.986,3201800:13;3201833:405;3201834:453;3201835:415;3201836:403
111633.7489,1788877934.9385,6,275.24,1689.24,1964.48,0.0,15782.6,40259.6,2374.5,8302.968,3273.357,70623.986,3201800:13;3201833:405;3201834:453;3201835:415;3201836:403
111633.8596,1788877935.0492,6,275.24,1695.87,1971.11,27.4,15772.6,40269.7,2374.5,8303.831,3273.382,70623.986,3201800:13;3201833:409;3201834:455;3201835:415;3201836:404
111633.9693,1788877935.1588,6,275.24,1724.26,1999.50,117.6,15840.2,40202.0,2374.5,8303.895,3273.383,70623.986,3201800:13;3201833:403;3201834:455;3201835:415;3201836:438
111634.0795,1788877935.2691,6,275.24,1710.53,1985.77,200.6,15887.7,40154.5,2374.5,8304.844,3273.405,70623.986,3201800:13;3201833:382;3201834:461;3201835:422;3201836:432
111634.1891,1788877935.3786,6,275.24,1710.53,1985.77,9.1,15887.4,40154.9,2374.5,8304.955,3273.409,70623.986,3201800:13;3201833:382;3201834:461;3201835:422;3201836:432
111634.2987,1788877935.4882,6,275.24,1795.22,2070.46,116.7,15932.2,40110.1,2374.5,8306.085,3273.440,70623.986,3201800:13;3201833:465;3201834:462;3201835:424;3201836:431
111634.4104,1788877935.6000,6,275.24,1752.70,2027.94,198.9,15936.5,40105.7,2374.5,8306.168,3273.443,70623.986,3201800:13;3201833:405;3201834:480;3201835:424;3201836:431
111634.5208,1788877935.7103,6,275.24,1880.36,2155.60,136.8,16116.6,39925.6,2374.5,8307.238,3273.478,70623.986,3201800:13;3201833:369;3201834:643;3201835:424;3201836:432
111634.6304,1788877935.8199,6,275.24,1992.01,2267.25,117.5,16189.4,39852.8,2374.5,8307.324,3273.481,70623.986,3201800:13;3201833:369;3201834:754;3201835:424;3201836:433
111634.7410,1788877935.9306,6,275.24,2070.42,2345.66,197.5,16274.6,39767.6,2374.5,8308.301,3273.506,70623.986,3201800:13;3201833:369;3201834:787;3201835:424;3201836:477
111634.8528,1788877936.0423,6,275.24,2087.30,2362.54,344.3,16381.9,39660.3,2374.5,8308.342,3273.514,70623.986,3201800:13;3201833:370;3201834:779;3201835:488;3201836:437
111634.9628,1788877936.1524,6,275.24,2129.64,2404.88,212.2,16451.6,39590.6,2374.5,8309.700,3273.551,70623.986,3201800:13;3201833:371;3201834:805;3201835:530;3201836:411
111635.0760,1788877936.2656,6,275.24,1821.34,2096.58,162.8,16221.9,39820.3,2374.5,8310.010,3273.561,70623.986,3201800:13;3201833:372;3201834:383;3201835:642;3201836:412
111635.1863,1788877936.3758,6,275.24,1876.41,2151.64,97.3,16253.9,39788.3,2374.5,8311.295,3273.599,70623.986,3201800:13;3201833:373;3201834:383;3201835:695;3201836:412
111635.2994,1788877936.4889,6,275.24,1877.49,2152.73,109.2,16254.2,39788.0,2374.5,8311.295,3273.600,70623.986,3201800:13;3201833:373;3201834:383;3201835:697;3201836:412
111635.4092,1788877936.5988,6,275.24,1557.95,1833.18,99.4,15971.9,40070.3,2374.5,8312.396,3273.624,70623.986,3201800:13;3201833:374;3201834:383;3201835:378;3201836:411
111635.5202,1788877936.7098,6,275.24,1558.00,1833.24,9.0,15971.9,40070.3,2374.5,8313.232,3273.641,70623.994,3201800:13;3201833:374;3201834:383;3201835:378;3201836:410
111635.6309,1788877936.8204,6,275.24,1560.49,1835.73,63.1,15971.9,40070.3,2374.5,8314.416,3273.675,70624.006,3201800:13;3201833:376;3201834:383;3201835:378;3201836:410
111635.7416,1788877936.9311,6,275.24,1560.49,1835.73,0.0,15971.9,40070.3,2374.5,8314.416,3273.676,70624.006,3201800:13;3201833:376;3201834:383;3201835:378;3201836:410
111635.8506,1788877937.0401,6,275.24,1561.80,1837.04,27.3,15961.7,40080.6,2374.5,8315.751,3273.718,70624.006,3201800:13;3201833:377;3201834:383;3201835:378;3201836:411
111635.9604,1788877937.1500,6,275.24,1561.80,1837.04,0.0,15961.7,40080.6,2374.5,8315.751,3273.718,70624.006,3201800:13;3201833:377;3201834:383;3201835:378;3201836:411
111636.0697,1788877937.2592,6,275.24,1596.53,1871.77,36.3,15972.6,40069.6,2374.5,8316.934,3273.743,70624.006,3201800:13;3201833:378;3201834:383;3201835:395;3201836:428
111636.1801,1788877937.3696,6,275.36,1581.76,1857.12,154.7,15966.4,40075.9,2374.5,8316.934,3273.743,70624.006,3201800:13;3201833:376;3201834:383;3201835:419;3201836:391
111636.2897,1788877937.4792,6,275.36,1581.69,1857.05,63.5,15966.0,40076.3,2374.5,8317.940,3273.765,70624.006,3201800:13;3201833:376;3201834:383;3201835:419;3201836:391
111636.4000,1788877937.5895,6,275.36,1581.69,1857.05,0.0,15966.0,40076.3,2374.5,8317.940,3273.765,70624.006,3201800:13;3201833:376;3201834:383;3201835:419;3201836:391
111636.5114,1788877937.7010,6,275.36,1584.61,1859.97,36.5,15958.5,40083.7,2374.5,8319.116,3273.799,70624.006,3201800:13;3201833:378;3201834:383;3201835:419;3201836:392
111636.6209,1788877937.8105,6,275.36,1584.61,1859.97,0.0,15958.5,40083.7,2374.5,8319.116,3273.799,70624.006,3201800:13;3201833:378;3201834:383;3201835:419;3201836:392
111636.7301,1788877937.9196,6,275.36,1585.61,1860.97,9.1,15958.5,40083.7,2374.5,8320.392,3273.834,70624.006,3201800:13;3201833:379;3201834:383;3201835:419;3201836:392
111636.8407,1788877938.0302,6,275.36,1585.61,1860.97,0.0,15956.7,40085.5,2374.5,8320.392,3273.834,70624.006,3201800:13;3201833:379;3201834:383;3201835:419;3201836:392
111636.9497,1788877938.1393,6,275.36,1586.48,1861.84,0.0,15956.7,40085.5,2374.5,8321.193,3273.853,70624.006,3201800:13;3201833:379;3201834:383;3201835:419;3201836:392
111637.0590,1788877938.2486,6,275.36,1586.61,1861.97,0.0,15956.7,40085.5,2374.5,8321.291,3273.854,70624.006,3201800:13;3201833:380;3201834:383;3201835:419;3201836:392
111637.1696,1788877938.3591,6,275.36,1586.71,1862.08,9.0,15956.9,40085.3,2374.5,8321.626,3273.861,70624.006,3201800:13;3201833:380;3201834:383;3201835:419;3201836:392
111637.2812,1788877938.4708,6,275.36,1586.71,1862.08,0.0,15956.9,40085.3,2374.5,8321.626,3273.862,70624.006,3201800:13;3201833:380;3201834:383;3201835:419;3201836:392
111637.3925,1788877938.5820,6,275.36,1586.71,1862.08,18.2,15956.9,40085.3,2374.5,8321.626,3273.862,70624.006,3201800:13;3201833:380;3201834:383;3201835:419;3201836:392
111637.5016,1788877938.6912,6,275.36,1659.56,1934.92,227.3,15991.4,40050.8,2374.5,8321.921,3273.868,70624.006,3201800:13;3201833:380;3201834:385;3201835:417;3201836:465
111637.6117,1788877938.8012,6,275.36,1725.43,2000.80,117.3,16061.7,39980.5,2374.5,8321.993,3273.870,70624.006,3201800:13;3201833:380;3201834:565;3201835:405;3201836:363
111637.7225,1788877938.9120,6,275.36,1806.97,2082.33,109.4,16117.6,39924.6,2374.0,8322.353,3273.877,70624.303,3201800:13;3201833:380;3201834:646;3201835:405;3201836:363
111637.8321,1788877939.0217,6,275.36,1856.04,2131.40,98.4,16155.9,39886.3,2374.0,8322.682,3273.882,70624.303,3201800:13;3201833:381;3201834:695;3201835:405;3201836:363
111637.9444,1788877939.1340,6,275.36,1849.81,2125.17,117.6,16160.2,39882.0,2374.0,8323.028,3273.891,70624.303,3201800:13;3201833:377;3201834:692;3201835:405;3201836:363
111638.0556,1788877939.2451,6,275.36,1604.77,1880.13,245.5,16010.4,40031.8,2374.0,8323.498,3273.903,70624.303,3201800:13;3201833:357;3201834:343;3201835:530;3201836:363
111638.1693,1788877939.3589,6,275.36,1521.05,1796.41,54.2,15927.3,40114.9,2374.0,8323.498,3273.903,70624.303,3201800:13;3201833:357;3201834:343;3201835:446;3201836:363
111638.2793,1788877939.4689,6,275.36,1523.02,1798.39,35.9,15927.5,40114.7,2374.0,8324.255,3273.926,70624.303,3201800:13;3201833:357;3201834:343;3201835:447;3201836:363
111638.3908,1788877939.5804,6,275.36,1523.15,1798.51,9.1,15927.5,40114.7,2374.0,8324.255,3273.926,70624.303,3201800:13;3201833:357;3201834:343;3201835:447;3201836:363
111638.5001,1788877939.6897,6,275.36,1524.40,1799.76,18.0,15927.5,40114.7,2374.0,8325.022,3273.944,70624.303,3201800:13;3201833:358;3201834:343;3201835:448;3201836:363
111638.6111,1788877939.8006,6,275.36,1524.40,1799.76,9.1,15927.5,40114.7,2374.0,8325.022,3273.944,70624.303,3201800:13;3201833:358;3201834:343;3201835:448;3201836:363
111638.7212,1788877939.9108,6,275.36,1524.65,1800.01,0.0,15927.5,40114.7,2374.0,8325.308,3273.951,70624.303,3201800:13;3201833:358;3201834:343;3201835:448;3201836:363
111638.8331,1788877940.0226,6,275.36,1524.65,1800.01,0.0,15917.6,40124.6,2374.0,8325.308,3273.952,70624.303,3201800:13;3201833:358;3201834:343;3201835:448;3201836:363
111638.9425,1788877940.1321,6,275.36,1524.65,1800.01,0.0,15916.8,40125.4,2374.0,8325.308,3273.952,70624.303,3201800:13;3201833:358;3201834:343;3201835:448;3201836:363
111639.0538,1788877940.2434,6,275.36,1524.88,1800.25,18.3,15916.3,40125.9,2374.0,8326.430,3273.970,70624.303,3201800:13;3201833:358;3201834:343;3201835:448;3201836:363
111639.1629,1788877940.3525,6,275.36,1524.88,1800.25,0.0,15916.3,40125.9,2374.0,8326.430,3273.970,70624.303,3201800:13;3201833:358;3201834:343;3201835:448;3201836:363
111639.2723,1788877940.4618,6,275.36,1524.88,1800.25,0.0,15916.6,40125.7,2374.0,8326.656,3273.974,70624.303,3201800:13;3201833:358;3201834:343;3201835:448;3201836:363
111639.3850,1788877940.5746,6,275.36,1525.88,1801.24,0.0,15916.3,40126.0,2374.0,8327.014,3273.984,70624.303,3201800:13;3201833:359;3201834:343;3201835:449;3201836:363
111639.4960,1788877940.6855,6,275.36,1525.88,1801.24,0.0,15916.3,40126.0,2374.0,8327.197,3273.987,70624.303,3201800:13;3201833:359;3201834:343;3201835:449;3201836:363
111639.6069,1788877940.7964,6,275.36,1526.41,1801.78,45.2,15917.4,40124.8,2374.0,8327.946,3274.004,70624.303,3201800:13;3201833:360;3201834:343;3201835:448;3201836:363
111639.7175,1788877940.9070,6,275.36,1526.41,1801.78,9.1,15917.4,40124.8,2374.0,8327.946,3274.004,70624.314,3201800:13;3201833:360;3201834:343;3201835:448;3201836:363
111639.8279,1788877941.0174,6,275.36,1599.79,1875.16,235.0,16026.4,40015.8,2374.0,8328.582,3274.021,70624.314,3201800:13;3201833:391;3201834:373;3201835:450;3201836:374
111639.9424,1788877941.1319,6,275.36,1590.22,1865.58,168.1,16138.0,39904.2,2374.0,8328.582,3274.028,70624.314,3201800:13;3201833:379;3201834:335;3201835:450;3201836:414
111640.0560,1788877941.2455,6,275.36,1667.12,1942.48,97.0,16124.0,39918.2,2374.0,8328.829,3274.034,70624.314,3201800:13;3201833:361;3201834:335;3201835:450;3201836:509
111640.1687,1788877941.3583,6,275.36,1707.35,1982.71,99.2,16208.9,39833.3,2374.0,8328.829,3274.034,70624.314,3201800:13;3201833:321;3201834:319;3201835:450;3201836:605
111640.2801,1788877941.4696,6,275.36,1828.23,2103.59,123.7,16331.0,39711.2,2374.0,8329.012,3274.040,70624.314,3201800:13;3201833:321;3201834:319;3201835:450;3201836:726
111640.3929,1788877941.5824,6,275.36,1867.37,2142.73,114.3,16382.2,39660.0,2374.0,8329.299,3274.048,70624.314,3201800:13;3201833:321;3201834:319;3201835:450;3201836:765
111640.5065,1788877941.6961,6,275.36,1857.37,2132.73,90.4,16386.2,39656.0,2374.0,8329.299,3274.048,70624.314,3201800:13;3201833:321;3201834:319;3201835:450;3201836:755
111640.6172,1788877941.8067,6,275.36,1858.29,2133.65,117.0,16386.2,39656.0,2374.0,8330.220,3274.080,70624.314,3201800:13;3201833:323;3201834:319;3201835:450;3201836:753
111640.7286,1788877941.9181,6,275.36,1423.28,1698.64,54.5,16186.5,39855.7,2374.0,8330.591,3274.086,70624.314,3201800:13;3201833:319;3201834:319;3201835:450;3201836:322
111640.8384,1788877942.0279,6,275.36,1423.53,1698.89,0.0,16175.6,39866.6,2374.0,8330.971,3274.096,70624.314,3201800:13;3201833:320;3201834:319;3201835:450;3201836:322
111640.9494,1788877942.1390,6,275.36,1425.04,1700.41,9.0,16153.7,39888.5,2374.0,8331.705,3274.119,70626.688,3201800:13;3201833:321;3201834:319;3201835:450;3201836:322
111641.0607,1788877942.2503,6,275.36,1425.04,1700.41,0.0,16146.8,39895.4,2374.0,8331.705,3274.119,70626.688,3201800:13;3201833:321;3201834:319;3201835:450;3201836:322
111641.1711,1788877942.3607,6,275.36,1426.04,1701.41,0.0,16147.0,39895.2,2374.0,8332.432,3274.139,70626.688,3201800:13;3201833:322;3201834:319;3201835:450;3201836:322
111641.2825,1788877942.4721,6,275.36,1426.04,1701.41,35.2,16147.0,39895.2,2374.0,8332.432,3274.139,70626.688,3201800:13;3201833:322;3201834:319;3201835:450;3201836:322
111641.3956,1788877942.5851,6,275.36,1426.04,1701.41,0.0,16147.0,39895.2,2374.0,8332.601,3274.144,70626.688,3201800:13;3201833:322;3201834:319;3201835:450;3201836:322
111641.5097,1788877942.6992,6,275.36,1426.04,1701.41,0.0,16147.3,39895.0,2374.0,8332.601,3274.144,70626.688,3201800:13;3201833:322;3201834:319;3201835:450;3201836:322
111641.6210,1788877942.8105,6,275.36,1426.04,1701.41,0.0,16147.5,39894.7,2374.0,8332.601,3274.144,70626.688,3201800:13;3201833:322;3201834:319;3201835:450;3201836:322
111641.7353,1788877942.9249,6,275.36,1427.04,1702.41,8.8,16147.5,39894.7,2374.0,8333.586,3274.159,70626.688,3201800:13;3201833:323;3201834:319;3201835:450;3201836:322
111641.8478,1788877943.0373,6,275.36,1427.54,1702.91,0.0,16123.6,39918.7,2374.0,8334.215,3274.166,70626.688,3201800:13;3201833:324;3201834:319;3201835:450;3201836:322
111641.9590,1788877943.1485,6,275.36,1430.52,1705.88,18.0,16120.6,39921.6,2374.0,8334.502,3274.170,70626.688,3201800:13;3201833:326;3201834:319;3201835:451;3201836:322
111642.0701,1788877943.2597,6,275.36,1428.61,1703.98,27.0,16121.4,39920.8,2374.0,8334.862,3274.182,70626.688,3201800:13;3201833:325;3201834:319;3201835:450;3201836:322
111642.1810,1788877943.3705,6,275.36,1428.61,1703.98,0.0,16121.4,39920.8,2374.0,8335.205,3274.191,70626.688,3201800:13;3201833:325;3201834:319;3201835:450;3201836:322
111642.2906,1788877943.4802,6,275.36,1430.99,1706.35,18.4,16119.2,39923.1,2374.0,8335.781,3274.208,70626.688,3201800:13;3201833:326;3201834:319;3201835:452;3201836:322
111642.4000,1788877943.5895,6,275.36,1430.99,1706.35,0.0,16119.6,39922.6,2374.0,8336.114,3274.216,70626.688,3201800:13;3201833:326;3201834:319;3201835:452;3201836:322
111642.5131,1788877943.7026,6,275.36,1431.44,1706.80,0.0,16119.6,39922.6,2374.0,8336.508,3274.227,70626.688,3201800:13;3201833:326;3201834:319;3201835:452;3201836:322
111642.6238,1788877943.8133,6,275.36,1431.44,1706.80,17.4,16120.4,39921.8,2374.0,8336.602,3274.229,70626.688,3201800:13;3201833:326;3201834:319;3201835:452;3201836:322
111642.7377,1788877943.9273,6,275.36,1431.82,1707.18,0.0,16120.4,39921.8,2374.0,8336.975,3274.236,70626.688,3201800:13;3201833:326;3201834:319;3201835:452;3201836:322
111642.8490,1788877944.0386,6,275.36,1433.78,1709.14,0.0,16082.8,39959.4,2374.0,8337.081,3274.239,70626.688,3201800:13;3201833:328;3201834:319;3201835:452;3201836:322
111642.9594,1788877944.1489,6,275.36,1433.63,1708.99,54.6,16079.4,39962.8,2374.0,8337.406,3274.263,70627.049,3201800:13;3201833:327;3201834:319;3201835:452;3201836:322
111643.0693,1788877944.2589,6,275.36,1433.63,1708.99,0.0,16079.4,39962.8,2374.0,8337.406,3274.264,70627.049,3201800:13;3201833:327;3201834:319;3201835:452;3201836:322
111643.1811,1788877944.3706,6,275.36,1433.71,1709.07,35.7,16080.4,39961.8,2374.0,8337.999,3274.284,70627.049,3201800:13;3201833:327;3201834:319;3201835:452;3201836:322
111643.2931,1788877944.4826,6,275.36,1433.71,1709.07,9.0,16080.9,39961.4,2374.0,8337.999,3274.284,70627.049,3201800:13;3201833:327;3201834:319;3201835:452;3201836:322
111643.4050,1788877944.5945,6,275.36,1434.09,1709.45,9.0,16078.4,39963.8,2374.0,8338.326,3274.294,70627.049,3201800:13;3201833:328;3201834:319;3201835:452;3201836:322
111643.5158,1788877944.7053,6,275.36,1434.09,1709.45,9.0,16078.4,39963.8,2374.0,8338.326,3274.294,70627.049,3201800:13;3201833:328;3201834:319;3201835:452;3201836:322
111643.6266,1788877944.8162,6,275.36,1434.09,1709.45,0.0,16078.4,39963.8,2374.0,8338.490,3274.298,70627.049,3201800:13;3201833:328;3201834:319;3201835:452;3201836:322
111643.7385,1788877944.9281,6,275.36,1434.09,1709.45,0.0,16078.1,39964.1,2374.0,8338.490,3274.298,70627.049,3201800:13;3201833:328;3201834:319;3201835:452;3201836:322
111643.8482,1788877945.0377,6,275.36,1436.77,1712.13,72.2,16054.5,39987.7,2374.0,8338.591,3274.302,70627.049,3201800:13;3201833:319;3201834:323;3201835:460;3201836:322
111643.9597,1788877945.1492,6,275.36,1436.77,1712.13,0.0,16026.6,40015.6,2374.0,8338.591,3274.302,70627.049,3201800:13;3201833:319;3201834:323;3201835:460;3201836:322
111644.0689,1788877945.2585,6,275.36,1436.77,1712.13,0.0,16022.7,40019.6,2374.0,8338.591,3274.302,70627.049,3201800:13;3201833:319;3201834:323;3201835:460;3201836:322
111644.1792,1788877945.3687,6,275.36,1436.77,1712.13,0.0,16022.7,40019.6,2374.0,8338.591,3274.303,70627.049,3201800:13;3201833:319;3201834:323;3201835:460;3201836:322
111644.2886,1788877945.4781,6,275.36,1437.39,1712.76,9.1,16023.1,40019.1,2374.0,8339.134,3274.318,70627.049,3201800:13;3201833:319;3201834:323;3201835:460;3201836:323
111644.3980,1788877945.5876,6,275.36,1437.52,1712.88,0.0,16023.3,40018.9,2374.0,8339.289,3274.320,70627.049,3201800:13;3201833:319;3201834:323;3201835:460;3201836:323
111644.5093,1788877945.6988,6,275.36,1437.64,1713.01,8.9,16024.0,40018.2,2374.0,8339.886,3274.329,70627.049,3201800:13;3201833:319;3201834:323;3201835:460;3201836:323
111644.6215,1788877945.8111,6,275.36,1438.02,1713.38,8.8,16024.0,40018.2,2374.0,8340.267,3274.335,70627.049,3201800:13;3201833:319;3201834:323;3201835:460;3201836:323
111644.7353,1788877945.9248,6,275.36,1438.14,1713.51,0.0,16024.3,40017.9,2374.0,8340.682,3274.342,70627.049,3201800:13;3201833:319;3201834:323;3201835:460;3201836:323
111644.8480,1788877946.0375,6,275.36,1438.39,1713.76,0.0,15993.6,40048.6,2374.0,8341.046,3274.348,70627.049,3201800:13;3201833:320;3201834:323;3201835:460;3201836:323
111644.9570,1788877946.1466,6,275.36,1438.48,1713.85,0.0,15989.4,40052.8,2374.0,8341.403,3274.355,70627.049,3201800:13;3201833:320;3201834:323;3201835:460;3201836:323
111645.0673,1788877946.2569,6,275.36,1438.73,1714.10,0.0,15976.8,40065.4,2374.0,8341.775,3274.362,70627.049,3201800:13;3201833:320;3201834:323;3201835:460;3201836:323
111645.1763,1788877946.3658,6,275.36,1440.07,1715.44,27.2,15977.3,40064.9,2374.0,8342.034,3274.372,70627.049,3201800:13;3201833:320;3201834:323;3201835:460;3201836:324
111645.2869,1788877946.4764,6,275.36,1440.45,1715.81,0.0,15978.3,40064.0,2374.0,8342.709,3274.387,70627.049,3201800:13;3201833:320;3201834:323;3201835:460;3201836:324
111645.3966,1788877946.5861,6,275.36,1440.79,1716.16,0.0,15978.5,40063.7,2374.0,8343.048,3274.396,70627.049,3201800:13;3201833:320;3201834:323;3201835:460;3201836:325
111645.5077,1788877946.6973,6,275.36,1441.40,1716.77,27.1,15974.0,40068.2,2374.0,8343.584,3274.408,70627.049,3201800:13;3201833:320;3201834:323;3201835:461;3201836:325
111645.6180,1788877946.8076,6,275.36,1441.16,1716.52,18.2,15975.0,40067.2,2374.0,8343.734,3274.414,70627.049,3201800:13;3201833:320;3201834:323;3201835:461;3201836:325
111645.7278,1788877946.9173,6,275.36,1451.67,1727.03,108.9,15985.1,40057.1,2374.0,8344.347,3274.424,70627.049,3201800:13;3201833:300;3201834:323;3201835:461;3201836:355
111645.8381,1788877947.0276,6,275.36,1451.86,1727.23,0.0,15978.5,40063.7,2374.0,8344.501,3274.427,70627.049,3201800:13;3201833:300;3201834:323;3201835:461;3201836:355
111645.9498,1788877947.1393,6,275.36,1452.96,1728.32,54.8,15964.3,40077.9,2374.0,8345.160,3274.444,70627.049,3201800:13;3201833:299;3201834:323;3201835:461;3201836:357
111646.0591,1788877947.2487,6,275.36,1452.96,1728.32,9.1,15964.3,40078.0,2374.0,8345.160,3274.444,70627.049,3201800:13;3201833:299;3201834:323;3201835:461;3201836:357
111646.1684,1788877947.3580,6,275.36,1454.08,1729.45,9.2,15964.0,40078.2,2374.0,8346.498,3274.472,70627.049,3201800:13;3201833:299;3201834:323;3201835:461;3201836:358
111646.2785,1788877947.4680,6,275.36,1454.08,1729.45,0.0,15965.2,40077.0,2374.0,8346.498,3274.472,70627.049,3201800:13;3201833:299;3201834:323;3201835:461;3201836:358
111646.3883,1788877947.5779,6,275.36,1453.21,1728.58,71.8,15948.5,40093.7,2374.0,8347.097,3274.491,70627.049,3201800:13;3201833:300;3201834:323;3201835:458;3201836:360
111646.4999,1788877947.6894,6,275.36,1453.21,1728.58,0.0,15948.2,40094.1,2374.0,8347.125,3274.494,70627.049,3201800:13;3201833:300;3201834:323;3201835:458;3201836:360
111646.6093,1788877947.7988,6,275.49,1488.50,1763.99,88.7,15956.6,40085.6,2374.0,8348.153,3274.522,70627.049,3201800:13;3201833:304;3201834:323;3201835:459;3201836:390
111646.7221,1788877947.9116,6,275.49,1571.77,1847.26,406.7,16059.8,39982.4,2374.0,8348.305,3274.525,70627.049,3201800:13;3201833:278;3201834:323;3201835:483;3201836:475
111646.8326,1788877948.0222,6,275.49,1649.46,1924.95,303.9,16159.1,39883.1,2374.0,8349.124,3274.542,70627.049,3201800:13;3201833:263;3201834:323;3201835:618;3201836:432
111646.9447,1788877948.1342,6,275.49,1726.23,2001.72,205.4,16280.2,39762.0,2374.0,8349.251,3274.549,70627.049,3201800:13;3201833:264;3201834:323;3201835:778;3201836:349
111647.0574,1788877948.2469,6,275.49,1879.71,2155.20,187.1,16383.4,39658.8,2374.0,8350.205,3274.569,70627.049,3201800:13;3201833:264;3201834:323;3201835:931;3201836:349
111647.1691,1788877948.3586,6,275.49,1810.04,2085.53,134.2,16327.9,39714.3,2374.0,8350.304,3274.570,70627.049,3201800:13;3201833:264;3201834:323;3201835:901;3201836:310
111647.2804,1788877948.4699,6,275.49,1948.43,2223.92,127.3,16423.9,39618.3,2374.0,8350.623,3274.576,70627.049,3201800:13;3201833:264;3201834:323;3201835:1039;3201836:310
111647.3904,1788877948.5799,6,275.49,1668.83,1944.32,127.5,16169.6,39872.6,2374.0,8350.679,3274.577,70627.049,3201800:13;3201833:264;3201834:323;3201835:760;3201836:310
111647.5002,1788877948.6897,6,275.49,1662.73,1938.22,137.3,16194.6,39847.6,2374.0,8351.679,3274.595,70627.049,3201800:13;3201833:264;3201834:323;3201835:753;3201836:310
111647.6095,1788877948.7990,6,275.49,1697.74,1973.23,98.3,16218.2,39824.0,2374.0,8351.763,3274.597,70627.049,3201800:13;3201833:264;3201834:323;3201835:788;3201836:310
111647.7217,1788877948.9113,6,275.49,1694.78,1970.27,123.4,16226.9,39815.3,2374.0,8352.330,3274.608,70627.049,3201800:13;3201833:264;3201834:323;3201835:785;3201836:310
111647.8352,1788877949.0248,6,275.49,1566.59,1842.08,106.1,16219.1,39823.1,2374.0,8352.356,3274.613,70627.049,3201800:13;3201833:264;3201834:323;3201835:657;3201836:310
111647.9482,1788877949.1378,6,275.61,1378.31,1653.93,313.5,15974.4,40067.8,2374.0,8353.115,3274.635,70627.049,3201800:13;3201833:336;3201834:348;3201835:344;3201836:338
111648.0667,1788877949.2562,6,275.61,1358.36,1633.98,152.8,15888.8,40153.4,2374.0,8353.282,3274.637,70627.049,3201800:13;3201833:272;3201834:320;3201835:344;3201836:410
111648.1773,1788877949.3669,6,275.61,1366.48,1642.09,98.8,15855.2,40187.0,2374.0,8354.166,3274.658,70627.049,3201800:13;3201833:272;3201834:304;3201835:344;3201836:434
111648.2887,1788877949.4782,6,275.61,1518.65,1794.26,107.5,15999.0,40043.2,2374.0,8354.271,3274.661,70627.049,3201800:13;3201833:272;3201834:304;3201835:344;3201836:586
111648.4000,1788877949.5896,6,275.61,1587.48,1863.09,90.9,16014.1,40028.1,2374.0,8355.177,3274.674,70627.049,3201800:13;3201833:272;3201834:304;3201835:344;3201836:655
111648.5101,1788877949.6996,6,275.61,1555.14,1830.75,107.7,16038.5,40003.8,2374.0,8355.282,3274.675,70627.049,3201800:13;3201833:272;3201834:304;3201835:344;3201836:623
111648.6215,1788877949.8110,6,275.61,1603.38,1878.99,98.7,16042.5,39999.8,2374.0,8356.194,3274.695,70627.049,3201800:13;3201833:272;3201834:304;3201835:345;3201836:669
111648.7329,1788877949.9224,6,275.61,1154.62,1430.23,99.3,15831.4,40210.8,2374.0,8356.370,3274.699,70627.049,3201800:13;3201833:272;3201834:304;3201835:345;3201836:220
111648.8436,1788877950.0331,6,275.61,1155.06,1430.67,45.4,15824.1,40218.1,2374.0,8357.255,3274.723,70627.049,3201800:13;3201833:273;3201834:304;3201835:346;3201836:220
111648.9544,1788877950.1439,6,275.61,1155.06,1430.67,0.0,15796.9,40245.4,2374.0,8357.422,3274.725,70627.049,3201800:13;3201833:273;3201834:304;3201835:346;3201836:220
111649.0635,1788877950.2530,6,275.61,1156.31,1431.92,9.2,15795.8,40246.4,2374.0,8358.510,3274.747,70627.049,3201800:13;3201833:273;3201834:304;3201835:347;3201836:220
111649.1727,1788877950.3623,6,275.61,1156.31,1431.92,9.1,15796.3,40246.0,2374.0,8358.668,3274.750,70627.049,3201800:13;3201833:273;3201834:304;3201835:347;3201836:220
111649.2824,1788877950.4719,6,275.61,1156.58,1432.20,0.0,15797.5,40244.7,2374.0,8359.684,3274.768,70627.049,3201800:13;3201833:273;3201834:304;3201835:347;3201836:220
111649.3918,1788877950.5813,6,275.61,1156.83,1432.45,0.0,15798.2,40244.0,2374.0,8359.801,3274.769,70627.049,3201800:13;3201833:273;3201834:304;3201835:347;3201836:220
111649.5040,1788877950.6936,6,275.61,1157.05,1432.66,9.1,15797.6,40244.6,2374.0,8360.727,3274.787,70627.049,3201800:13;3201833:274;3201834:304;3201835:346;3201836:220
111649.6134,1788877950.8030,6,275.61,1157.05,1432.66,0.0,15797.6,40244.6,2374.0,8360.818,3274.792,70627.049,3201800:13;3201833:274;3201834:304;3201835:346;3201836:220
111649.7229,1788877950.9124,6,275.61,1157.05,1432.66,9.0,15797.3,40244.9,2374.0,8361.540,3274.806,70627.049,3201800:13;3201833:274;3201834:304;3201835:346;3201836:220
111649.8346,1788877951.0242,6,275.61,1159.34,1434.96,9.1,15778.9,40263.4,2374.0,8361.634,3274.810,70627.049,3201800:13;3201833:274;3201834:304;3201835:348;3201836:220
111649.9445,1788877951.1341,6,275.61,1231.98,1507.59,149.2,15796.4,40245.8,2374.0,8362.566,3274.830,70627.049,3201800:13;3201833:351;3201834:304;3201835:344;3201836:220
111650.0586,1788877951.2481,6,275.61,1262.32,1537.93,166.5,15889.9,40152.3,2374.0,8362.766,3274.836,70627.049,3201800:13;3201833:292;3201834:411;3201835:327;3201836:220
111650.1729,1788877951.3624,6,275.61,1360.00,1635.62,116.6,15926.9,40115.4,2374.0,8363.656,3274.857,70627.049,3201800:13;3201833:261;3201834:552;3201835:314;3201836:220
111650.2841,1788877951.4737,6,275.61,1415.14,1690.76,122.3,15972.8,40069.4,2374.0,8363.962,3274.862,70627.049,3201800:13;3201833:261;3201834:607;3201835:314;3201836:220
111650.3986,1788877951.5881,6,275.61,1414.12,1689.74,97.2,15973.0,40069.2,2374.0,8364.343,3274.870,70627.049,3201800:13;3201833:261;3201834:606;3201835:314;3201836:220
111650.5117,1788877951.7013,6,275.61,1154.65,1430.26,90.8,15869.6,40172.6,2374.0,8364.451,3274.873,70627.049,3201800:13;3201833:261;3201834:347;3201835:314;3201836:220
111650.6219,1788877951.8115,6,275.61,1071.00,1346.61,9.1,15784.5,40257.7,2374.0,8365.180,3274.884,70627.291,3201800:13;3201833:261;3201834:263;3201835:314;3201836:220
111650.7321,1788877951.9217,6,275.61,1071.00,1346.61,0.0,15784.5,40257.7,2374.0,8365.469,3274.888,70627.291,3201800:13;3201833:261;3201834:263;3201835:314;3201836:220
111650.8416,1788877952.0312,6,275.61,1071.12,1346.74,9.1,15776.6,40265.6,2374.0,8366.070,3274.899,70627.291,3201800:13;3201833:261;3201834:263;3201835:314;3201836:220
111650.9520,1788877952.1416,6,275.61,1071.25,1346.86,9.2,15776.6,40265.6,2374.0,8366.295,3274.904,70627.291,3201800:13;3201833:261;3201834:263;3201835:314;3201836:220
111651.0613,1788877952.2508,6,275.61,1071.38,1346.99,0.0,15776.6,40265.6,2374.0,8366.700,3274.917,70627.291,3201800:13;3201833:261;3201834:263;3201835:314;3201836:220
111651.1707,1788877952.3602,6,275.61,1068.68,1344.29,25.7,15777.9,40264.3,2374.0,8366.921,3274.921,70627.291,3201800:13;3201833:258;3201834:263;3201835:314;3201836:220
111651.2874,1788877952.4770,6,275.61,1070.80,1346.42,27.0,15776.9,40265.4,2374.0,8367.536,3274.939,70627.291,3201800:13;3201833:260;3201834:263;3201835:314;3201836:220
111651.3979,1788877952.5874,6,275.61,1070.87,1346.48,18.0,15773.0,40269.2,2374.0,8367.578,3274.944,70627.404,3201800:13;3201833:260;3201834:263;3201835:314;3201836:220
111651.5087,1788877952.6982,6,275.61,1104.57,1380.18,71.4,15747.5,40294.7,2374.0,8367.705,3274.948,70627.404,3201800:13;3201833:278;3201834:273;3201835:320;3201836:220
111651.6213,1788877952.8108,6,275.77,1307.11,1582.88,452.8,15703.9,40338.3,2374.0,8367.793,3274.951,70627.404,3201800:13;3201833:332;3201834:426;3201835:316;3201836:220
111651.7335,1788877952.9231,6,275.77,1394.79,1670.55,215.4,15985.4,40056.8,2374.0,8368.164,3274.958,70627.404,3201800:13;3201833:247;3201834:513;3201835:409;3201836:212
111651.8454,1788877953.0349,6,432.14,1362.71,1794.86,278.7,16204.9,39837.3,2374.0,8368.417,3274.962,70627.404,3201800:13;3201833:247;3201834:329;3201835:562;3201836:212
111651.9561,1788877953.1457,6,422.05,1479.43,1901.48,197.7,16233.2,39809.0,2374.0,8368.584,3274.968,70627.404,3201800:13;3201833:247;3201834:329;3201835:678;3201836:212
111652.0673,1788877953.2569,6,381.11,1399.46,1780.57,262.7,16133.7,39908.6,2374.0,8369.011,3274.975,70627.404,3201800:13;3201833:207;3201834:313;3201835:654;3201836:212
111652.1777,1788877953.3673,6,381.50,1389.45,1770.95,197.7,16129.6,39912.6,2374.0,8369.552,3274.986,70627.404,3201800:13;3201833:207;3201834:313;3201835:644;3201836:212
111652.2890,1788877953.4785,6,373.54,1413.33,1786.88,144.9,16104.0,39938.2,2374.0,8369.849,3274.994,70627.404,3201800:13;3201833:207;3201834:313;3201835:668;3201836:212
111652.3993,1788877953.5888,6,373.66,1018.52,1392.18,118.4,16120.4,39921.8,2374.0,8369.995,3274.999,70627.404,3201800:13;3201833:207;3201834:313;3201835:274;3201836:212
111652.5091,1788877953.6987,6,413.32,965.32,1378.64,154.6,16140.5,39901.8,2374.0,8370.127,3275.003,70627.404,3201800:13;3201833:207;3201834:308;3201835:229;3201836:208
111652.6193,1788877953.8088,6,547.72,965.32,1513.04,98.6,16132.8,39909.4,2374.0,8370.406,3275.009,70627.404,3201800:13;3201833:207;3201834:308;3201835:229;3201836:208
111652.7307,1788877953.9202,6,528.02,851.27,1379.29,109.2,16069.2,39973.1,2374.0,8370.678,3275.014,70627.404,3201800:13;3201833:207;3201834:211;3201835:213;3201836:208
111652.8406,1788877954.0301,6,471.95,852.41,1324.36,118.3,15961.1,40081.1,2374.0,8374.050,3278.020,70627.404,3201800:13;3201833:208;3201834:211;3201835:213;3201836:208
111652.9504,1788877954.1399,6,468.10,846.10,1314.20,191.8,15913.7,40128.6,2374.0,8374.243,3278.052,70627.404,3201800:13;3201833:206;3201834:209;3201835:210;3201836:207
111653.0598,1788877954.2494,6,468.10,634.72,1102.82,351.9,15866.5,40175.7,2374.0,8374.487,3278.060,70627.404,3201800:13;3201833:206;3201834:209;3201835:0;3201836:207
